企業名,勤務地,給与,初年度年収
株式会社クレディセゾン ,＜本社・テクノロジーセンター＞ 東京都豊島区東池袋3-1-1 サンシャイン60内 ※以下にて勤務の…,"月給33万5,000円〜 ※経験・スキルに応じて決定いたします。",600万円～1000万円
三井不動産レジデンシャル株式会社 ,本社および全国の支店・営業所、 その他国内外の事務所にて募集。 本社 (東京・日本橋) 支店 (札…,"月給245,000円以上 ※新卒(大卒)入社時基本給 ※年齢・ご経験等を考慮し決定いたします",初年度年収のデータなし
日東金属工業株式会社 ,【八潮工場／マイカー通勤OK！】 埼玉県八潮市二丁目358 ＜電車でのアクセス＞ 1.東武スカイツ…,月給22万円〜45万円＋賞与年2回（2019年実績：6.5ヶ月） ※経験・年齢・能力を考慮のうえ、決定致します…,400万円～700万円
とら婚株式会社 ,【秋葉原オフィス】 〒101-0021 東京都千代田区外神田4-7-3 秋葉原虎ビル8階・9階,年俸制800万円〜 ※経験、スキルなどを考慮した上、決定します。,700万円～1020万円
株式会社日本レジストリサービス ,東京（神保町）と大阪（北新地）の同時募集です。 ★ゆくゆくは「大阪に戻りたい」という方大歓迎です！…,"月給26万1,750円〜35万5,125円 ※前職、経験、能力を最大限考慮し、支給額を決定致します。 ※試用期間は…",450万円～700万円
popIn株式会社 ,大阪府大阪市北区曽根崎新地1丁目13番地22 WeWork ◎転勤なし・UIターン歓迎！,月給35万円〜 ★想定年収500万円〜 ※待遇・条件については、年齢、経験、能力を考慮の上、 　社内規定…,初年度年収のデータなし
DiDiフードジャパン株式会社 ,【テレワーク実施中です】【転勤なし】 東京オフィス ／東京都中央区（Daiwa晴海WeWork 2…,月給18万円〜50万円 ※当社給与規程に準じて能力や適性、経験を考慮し決定します。 《入社1年目モデル…,400万円～700万円
NTTデータカスタマサービス株式会社 ,★全国各拠点 ★希望を考慮して決定！ ◇本社 ◎東京都江東区枝川1-9-4　住友不動産豊洲TKビル…,月給20万円〜45万円 【月収例】 月収32万円＝月給24.5万円+時間外手当4.2万円+住宅補助費3.3万円 ※経験…,430万円～650万円
UDS株式会社 ,◎転勤なし ◎原宿本社または、INBOUND LEAGUE（新宿） ★INBOUND LEAGUE…,年俸制350万円〜500万円 ※経験・能力を考慮の上、当社規定により優遇します。 ※上記には固定残業代と…,350万円～500万円
株式会社優誠 ,【なんばからアクセス良好！最寄り駅から徒歩3分の好立地】 ★2019年7月にオフィスを移転・拡大し…,"月給22万5,000円以上＋皆勤手当5,000円＋その他手当＋賞与 ※年齢・経験・スキルを十分考慮の上、当社規…",初年度年収のデータなし
アクセンチュア株式会社 ,【首都圏、関西を中心としたプロジェクト先】 ★リモート勤務あり プロジェクトによっても異なりますが…,初年度年俸420万円以上＋各種手当(残業手当など)＋業績賞与年1回 ※上記は入社初年度の最低保証年俸。年…,初年度年収のデータなし
株式会社ココロザシ ,《転居を伴う転勤なし》 ◆東京都内にあるプロジェクト先での勤務です ※感染症対策のため、リモートワ…,◆月給：30万円〜75万円 ※固定残業代（月20時間分／3万円〜）を含む。超過分は別途支給いたします。 《 …,400万円～1000万円
DiDiフードジャパン株式会社 ,★東京、大阪、福岡、広島、神戸、京都、名古屋、沖縄いずれかのエリアでの勤務となります。 【テレワー…,月給18万円〜50万円＋インセンティブ 《インセンティブについて》 毎月上長と加盟店獲得件数などの目標…,400万円～700万円
クリエイトソリューションズ株式会社 ,◆本社／埼玉県さいたま市大宮区高鼻町1-108-1 サクラファーストビル2Ｆ ◆東京23区のプロジ…,月給20万5004円以上 ※経験・保有技術を考慮の上、当社規定により優遇します 　また、「LPIC」有資格者は…,250万円～600万円
株式会社エフ・クルーズ ,本社 東京都千代田区一番町17-2 ラビ一番町4F [最寄り駅] 半蔵門駅 徒歩約3分 ※案件によ…,月給25万円〜55万円＋賞与（業績による） 【27歳・ITエンジニアの例】 前職時代：年収350万円 入社1年目…,350万円～700万円
ロシュリングエンジニアリングプラスティックス株式会社 ,★転勤なし★【新横浜より徒歩2分】 神奈川県横浜市港北区新横浜3-19-5 横浜第二センタービル8F,年俸制／300万円〜600万円 ※経験・スキルを考慮の上、当社規定により決定します ※別途出張手当あり ※…,300万円～600万円
株式会社C-mind ,【勤務地詳細】 東京都新宿区大久保2-5-23新宿辻ビル10階（総合受付5階） ※クライアント・お…,■月給：23万円〜70万円（経験・能力等考慮の上、規定により優遇） ※固定残業代：20時間分　3万5千円〜…,初年度年収のデータなし
パーソルテンプスタッフ株式会社 ,東京都、神奈川県、大阪府、京都府、兵庫県、愛知県の大手・優良企業 ★転居を伴う転勤はありません ★…,【東京】月給20万9700円以上＋賞与年2回 【神奈川】月給20万円以上＋賞与年2回 【大阪】月給19万7400円以…,250万円～350万円
グルーコードシステムズ株式会社 ,※転勤はありません※U・Iターン歓迎 【東京本社】東京都渋谷区渋谷3-10-19　渋谷MJ-2ビル…,月給30万円〜 ※当社給与規程に準じて能力や適性、経験を考慮し決定します。 ※試用期間3カ月（待遇変化…,300万円～1500万円
株式会社プラスアルファ・コンサルティング ,★週2日はリモートワーク運用！ 【本社】 東京都港区浜松町1-18-16 住友浜松町ビル6F,月給28万円以上 ＋ 諸手当 ＋ 賞与（年2回） ※経験・スキルを考慮の上、決定します。 ※上記には固定残…,420万円～700万円
株式会社アライブ．ｃｏｍ ,★転勤なし ★テレワークOK 【本社】 東京都港区芝大門2-9-8　シャンデールビル4F 【プロジ…,月給30万円〜 ＋残業代100％別途支給 ＋各種手当 ＋賞与2回 ※【前職の給与以上】を保証します。 ※経験…,450万円～850万円
株式会社優誠 ,【なんばからアクセス良好！最寄り駅から徒歩3分の好立地】 ★2019年7月にオフィスを移転・拡大し…,"月給23万5,000円〜35万円＋インセンティブ＋諸手当＋賞与 ※年齢・経験・スキルを考慮の上、当社規定に…",300万円～850万円
株式会社エルバークギア ,《転居をともなう転勤なし／UIターンも歓迎♪》 ■中目黒本社 東京都目黒区中目黒4-8-5 藤井ビ…,月給18万円〜 ★経験者は前職の給与額を保証（スキルチェンジを除く）★ ※スキルや年齢を考慮して決定…,初年度年収のデータなし
株式会社テクノソリューションズ ,【東京本社】 東京都新宿区西新宿6-6-3 新宿国際ビルディング新館4F アクセス： 都営地下鉄大…,月給26万円以上 ※経験・スキル・年齢を考慮の上、決定します。 ※試用期間3ヵ月（待遇の変更なし） ※…,初年度年収のデータなし
株式会社free mova,《現在リモートワーク&WEB面接を実施中※本社目黒駅徒歩30秒》 本社／東京都品川区上大崎2-15…,月給23万円〜30万円＋賞与2回＋昇給2回＋インセンティブ ※上記金額には、固定残業手当30時間分（4万2000…,400万円～600万円
オリジナル設計株式会社 ,【転勤なし／本社勤務】 東京都渋谷区元代々木町30−13 ONEST元代々木スクエア3F ＜交通ア…,"月給：22万9,000円〜41万6,000円＋賞与年2回＋各種手当 ※経験・年齢・能力を考慮のうえ、決定致します。",360万円～500万円
フォーザウィン株式会社 ,【転勤なし／希望を考慮】東京本社・渋谷支店・大阪支店・名古屋支店・群馬支店、または各プロジェクト先…,月給30万円〜 【前給以上を必ず保証します】 ※上記の金額に経験・能力等を考慮し加給します。 ※試用期…,400万円～1000万円
フォーザウィン株式会社 ,【転勤なし／希望を考慮】東京本社・渋谷支店・大阪支店・名古屋支店・群馬支店、または各プロジェクト先…,月給30万円〜 【前給以上を必ず保証します】 ※上記の金額に経験・能力等を考慮し加給します。 ※試用期…,450万円～1000万円
popIn株式会社 ,◆転勤なし ◆在宅勤務可能 東京都港区六本木6-10-1 六本木ヒルズ森タワー 39階 ★在宅勤務…,月給36.7万円〜51.4万円 ※待遇・条件については、年齢、経験、能力を考慮の上、社内規定に従って決定し…,500万円～700万円
株式会社ブール・ジャパン ,東京都、神奈川県、埼玉県の各プロジェクト先 ※勤務地は希望を考慮 ※転居を伴う転勤なし ※リモート…,月給20万円〜45万円+利益分配金+各種手当 ★テストエンジニア経験者は月給25万円以上 ※経験・能力・保…,240万円～580万円
株式会社ExPlay ,■仙台(仙台駅徒歩4分)or東京(六本木ヒルズ&在宅)勤務 ■転勤なし ■東京はリモートで仙台のマ…,"月給333,000円〜667,000円 ※経験やスキルを考慮し当社規定により優遇します。 ※試用期間3ヵ月間も同条…",400万円～800万円
株式会社SHIFT ,【東京本社】 東京都港区麻布台2-4-5 メソニック39MTビル ★本人の意志に沿わない転居を伴う…,"月給:28万3,334円〜33万3,334円 ※年齢・スキルなどを考慮のうえ、当社規定に基づき決定いたします ※試…",340万円～400万円
株式会社日立ソリューションズ・クリエイト ,★転勤なし ★品川シーサイド駅直結1分 東京都品川区東品川4丁目12番6号 品川シーサイドキャナル…,"月給225,000円以上 ＋ 賞与年2回 ※経験・能力を考慮のうえ、当社規程により決定します。 ※試用期間（3…",420万円～660万円
太栄コンサルタンツ株式会社 ,※転勤なし！ ※U・Iターンも歓迎！ 本社／名古屋市中区千代田3-26-18 ◎愛知県内および近隣…,月給20万円以上＋賞与年2回 ※あなたの転職が不利にならないよう、 　これまでの経験やスキルを考慮し、…,400万円～700万円
フォーザウィン株式会社 ,【転勤なし／希望を考慮】東京本社・渋谷支店・大阪支店・名古屋支店・群馬支店、または各プロジェクト先…,月給30万円〜 【前給以上を必ず保証します】 ※上記の金額に経験・能力等を考慮し加給します。 ※試用期…,400万円～1000万円
株式会社アイエム ,■希望を考慮し、本社またはクライアント先（首都圏）にて勤務 ★在宅ワークも導入しています ※本社／…,■月給30万円〜45万円＋残業代＋各種手当 ※経験・スキル・年齢を考慮の上、決定します。,400万円～600万円
株式会社ツリーベル ,【U・I・Ｊターン歓迎／転勤なし／プロジェクトの半数が自社内開発】 当社各拠点 もしくは首都圏、関…,★経験者であれば、月給35〜60万円！前給ももちろん考慮！ 【未経験者】 月給25〜35万円 ※上記には固定…,420万円～800万円
CBcloud株式会社 ,★転勤なし！ ★リモートワーク推進中！ ┗業務都合に合わせ、2日に1回ほどのペースで出社しています…,月給33万5000円〜 ※経験・スキル等を考慮の上決定します ※45時間分の固定残業代7万9762円含む(超過分は…,300万円～600万円
株式会社 ソリューション・アンド・テクノロジー ,【転勤なし／リモートワークを導入しています】 〈本社〉 東京都千代田区四番町６番　東急番町ビル８階…,月給28万4600円〜69万3000円＋賞与年2回 ※経験・能力を考慮し、決定します。,400万円～970万円
株式会社アンスール ,《東京 または 大阪 のいずれかのオフィス》 ※希望を考慮して配属します 〈東京本社〉 ■東京都中…,〈前給保証〉 月給30万円〜 ※経験やスキルを考慮して決定します ※固定残業代20時間(3万7500円〜)含む。…,初年度年収のデータなし
フォーザウィン株式会社 ,【転勤なし／希望を考慮】東京本社・渋谷支店・大阪支店・名古屋支店・群馬支店、または各プロジェクト先…,月給25万円〜 【前給以上を必ず保証します】 ※上記の金額に経験・能力等を考慮し加給します。 ※試用期…,400万円～1000万円
サングローブ株式会社 ,【早期入社できる方は優先選考！】転勤なし／東京（新宿）、大阪（梅田）◆勤務地を選べます★服装自由…,【1.営業経験者】 月給35万円〜 【2.Webインサイドセールス営業経験者】 月給52万円〜 【3.営業未経験…,350万円～1000万円
株式会社SHIFT ,東京・大阪の各拠点 ※本人の意志に沿わない転居を伴う転勤はなし ★全拠点最寄駅徒歩5分以内 ★U・…,"月給:33万3,334円~49万5,834円 (上記には固定残業代45時間分/8万6,800円~12万9,000円含みます。) 月給:50…",400万円～600万円
株式会社日立ソリューションズ・クリエイト ,★転勤なし ★品川シーサイド駅直結1分 東京都品川区東品川4丁目12番6号 品川シーサイドキャナル…,"月給225,000円以上 ＋ 賞与年2回 ※経験・能力を考慮のうえ、当社規程により決定します。 ※試用期間（3…",420万円～660万円
アベールソリューションズ株式会社 ,【本社】 東京都中央区銀座5丁目9−8　クロス銀座6F 【プロジェクト先】 東京都内のみ,"月給312,500円〜560,000円 ※35時間分（68,789円〜123,270円）の固定残業代含む。 ※超過分は別途支給。",500万円～896万円
パーソルテンプスタッフ株式会社 ,東京都、神奈川県、大阪府、京都府、兵庫県、愛知県の大手・優良企業 ★転居を伴う転勤はありません ★…,【東京】月給20万9700円以上＋賞与年2回 【神奈川】月給20万円以上＋賞与年2回 【大阪】月給19万7400円以…,250万円～350万円
株式会社リクルート ,◆仙台・宇都宮・大阪にて積極採用中！ 通いやすいオフィス環境！リモートワークなどにも対応中！ 【営…,月給26万2954円〜39万0887円 ※経験・年齢を考慮の上、当社規定により優遇します ※上記金額には月35時間…,420万円～625万円
株式会社3CA ,★転勤なし ★配属はお住まいや通勤も考慮して決定します。 首都圏（埼玉・千葉・東京・神奈川）の各プ…,年俸制／450万円〜800万円 【想定月収】37.5万円〜66.6万円 ※経験・能力・スキル等を考慮し、決定しま…,450万円～800万円
株式会社エー・エス・エル ,東京都、埼玉県、神奈川県、千葉県内のプロジェクト先 ※希望、お住まいを考慮の上、決定します。 ※転…,月給30万円〜　＋　賞与年3回 ※入社時点で、前職時の給与額を保証します！ ※経験・スキルなどを考慮の…,400万円～800万円
日本情報クリエイト株式会社 ,【 希望エリア配属／転勤なし 】 東京・名古屋・大阪・福岡・埼玉・札幌・仙台・金沢・広島のいずれか…,月給 20万円〜35万円（一律手当含む）＋ 賞与年2回 ※月間チームインセンティブあり （試用期間終了後、…,330万円～400万円
株式会社クレディセゾン ,＜本社・テクノロジーセンター＞ 東京都豊島区東池袋3-1-1 サンシャイン60内 ※以下にて勤務の…,"月給33万5,000円〜 ※経験・スキルに応じて決定いたします。",600万円～1000万円
株式会社 High mind ,【 クライアント先へはご自宅からの直行直帰 】 ★愛知県、岐阜県、三重県の東海エリア ※ご希望や居…,【 月給25万円〜50万円＋インセンティブ 】 経験・スキル・前職給与などを考慮の上、決定します。 固定…,350万円～800万円
株式会社クレディセゾン ,＜本社・テクノロジーセンター＞ 東京都豊島区東池袋3-1-1 サンシャイン60内 ※以下にて勤務の…,"月給33万5,000円〜 ※経験・スキルに応じて決定いたします。",600万円～1000万円
株式会社クレディセゾン ,＜本社・テクノロジーセンター＞ 東京都豊島区東池袋3-1-1 サンシャイン60内 ※以下にて勤務の…,"月給33万5,000円〜 ※経験・スキルに応じて決定いたします。",600万円～1000万円
株式会社アイエスエフネット ,【リモート案件多数】 ★69％が毎年昇給 ★MAX60％のインセンティブ賞与 ★UIターン歓迎(上…,【月給40万円~】＋インセンティブ賞与(月~20万/年~240万)・諸手当を別途支給 ★経験・スキルを考慮して…,480万円～1000万円
株式会社アイエスエフネット ,【リモート案件多数】 ★月~20万/年~240万のインセンティブ賞与 ★UIターン歓迎(上京時に寮…,<東京/埼玉/神奈川/千葉> (1)月給27万円~＋インセンティブ賞与・諸手当 <静岡/愛知/大阪> (2)月給26.5万…,306万円～1000万円
株式会社アイエスエフネット ,【リモート案件多数】 ★69％が毎年昇給 ★MAX60％のインセンティブ賞与 ★UIターン歓迎(上…,【月給35万円~】＋インセンティブ賞与(月~20万/年~240万)・諸手当 ▼設計構築5年以上の経験者 【月給40…,450万円～1000万円
NTTレゾナント・テクノロジー株式会社 ,★転勤なし ★東京・福岡募集 ★フルリモートワーク ■東京都千代田区神田神保町2-11-15住友商…,"月給250,000円〜＋残業代全額支給＋賞与年2回 ※前職給与、経験や能力を最大限考慮の上、決定いたします…",400万円～800万円
センコー株式会社 ,【在宅勤務も相談OK】希望に応じて京都本社（京都市伏見区）、東京オフィス（千代田区）に配属します。…,月給26万円〜100万円＋手当＋インセンティブ＋賞与 ★インセンティブは青天井 一人ひとりの成長度合いに…,500万円～1300万円
株式会社エージェントゲート ,首都圏（東京23区／丸の内・品川・東京・新宿・渋谷・六本木・秋葉原・池袋／横浜／大宮／千葉）などの…,経験3年以上の方／月給30万円〜 経験1年以上〜3年未満／月給25万円〜35万円 経験1年未満／月給23万円〜30…,300万円～1000万円
株式会社エージェントゲート ,首都圏（東京23区／丸の内・品川・東京・新宿・渋谷・六本木・秋葉原・池袋／横浜／大宮／千葉）などの…,経験3年以上の方／月給30万円〜 経験1年以上〜3年未満／月給25万円〜35万円 経験1年未満／月給23万円〜30…,300万円～1000万円
株式会社エージェントゲート ,首都圏（東京23区／丸の内・品川・東京・新宿・渋谷・六本木・秋葉原・池袋／横浜／大宮／千葉）などの…,経験3年以上の方／月給30万円〜 経験1年以上〜3年未満／月給25万円〜35万円 経験1年未満／月給23万円〜30…,300万円～1000万円
株式会社エージェントゲート ,首都圏（東京23区／丸の内・品川・東京・新宿・渋谷・六本木・秋葉原・池袋／横浜／大宮／千葉）などの…,経験3年以上の方／月給30万円〜 経験1年以上〜3年未満／月給25万円〜35万円 経験1年未満／月給23万円〜30…,300万円～1000万円
株式会社エージェントゲート ,首都圏（東京23区／丸の内・品川・東京・新宿・渋谷・六本木・秋葉原・池袋／横浜／大宮／千葉）などの…,経験3年以上の方／月給30万円〜 経験1年以上〜3年未満／月給25万円〜35万円 経験1年未満／月給23万円〜30…,300万円～1000万円
株式会社コンフィデンス ,＊---勤務地は希望を考慮して決定---＊ 【東京・神奈川・千葉・埼玉】を中心とした 各プロジェク…,【経験者】 月給:22万円〜70万円＋諸手当（残業代100％支給など）＋賞与年2回 【未経験】 月給:20万円以…,300万円～700万円
アデコ株式会社 ,★転勤なし ★首都圏または関西・東海エリア限定採用 各エリア内の大手・優良企業での勤務となります。…,月給23万9000円〜83万9000円 ＋ 残業代1分単位支給 ＋ 賞与（年2回） 【モデル月収例】 ・20代(構築経験…,350万円～1000万円
株式会社RUSHNetwork ,★転勤なし ★車通勤OK（駐車場完備） ★社用車を1人1台貸与 愛知県名古屋市中川区草平町1-8-…,◆月給25万〜40万円 ※経験・スキル等を考慮の上、当社規定により決定します。 ※試用期間は最大3ヶ月（…,300万円～400万円
株式会社日本ヒュウマップ ,【全国（沖縄を除く）各地で募集中】 ※基本直行直帰スタイル ※店舗等の詳細はHPをご参照ください。…,"月給21万700円〜28万8,700円（時間外手当別途支給） ※年齢により金額が変わります。 ※その他条件により…",300万円～450万円
株式会社ウィルオブ・ワーク ,《転勤なし！リモートワーク、在宅勤務もあり！》本社もしくは各プロジェクト先（1都3県） ※ご希望は…,"月給22万2,500円以上〜23万円＋賞与年2回 ※能力を考慮して最終的に決定します。 ※固定残業代（月20時間…",320万円～350万円
アルユーアイ株式会社 ,《★首都圏（神奈川、千葉、埼玉）のプロジェクトで積極採用！》 《★希望勤務地を考慮》 《★U・Iタ…,【インフラエンジニア経験者】 月給25万円〜50万円＋賞与（支給条件あり）＋各種手当 ※経験・スキル等を…,350万円～600万円
株式会社アクシス・クリエイト ,東京など首都圏(東京・神奈川・埼玉・千葉)、関西(大阪、兵庫、京都)のプロジェクト先 ※リモートワ…,<首都圏（東京本社所属）> 月給21万4000円以上 <関西（大阪支店所属）> 月給20万3000円以上 ※経験・能…,250万円～500万円
株式会社ウイングプラス ,首都圏の各プロジェクト先【東京・神奈川・埼玉・千葉】 ★転勤なし ★U・Iターン歓迎 【プロジェク…,月給:25万円〜60万円＋諸手当（残業代100％支給など）＋賞与年3回＋決算賞与（業績による） ※経験・年…,350万円～700万円
株式会社GSI ,★勤務地は東京・大阪・札幌・福岡・仙台が選べます！ ★新OPENの仙台は積極採用中 ★100％転勤…,〈月給〉 ◆経験者 東京：25万円〜＋賞与年2回 大阪：24万円〜＋賞与年2回 仙台：23万円〜＋賞与年2回 …,初年度年収のデータなし
SGビジネス株式会社 ,本社（横浜）または首都圏（東京・神奈川・千葉・埼玉）のプロジェクト先 ※勤務地は希望を考慮して決定…,月給:25万円〜45万円 ＋ 賞与年2回 ※経験・能力・スキル等を考慮の上、決定します。 ※固定残業代（40…,350万円～630万円
株式会社三鋭システム ,転勤なし！本社または首都圏を中心とする顧客先！ 本社／東京都千代田区外神田5-1-3　ニュー末広ビ…,月給21万5000円〜 ※未経験者の初任給、半年後に一度昇給あり。 ※上記金額には、時間外労働の有無に関わ…,250万円～550万円
株式会社divx ,★転勤なし ★自社オフィス（出社）&在宅勤務 ★フルリモート（応相談） 在宅勤務（リモートワーク）…,【月給】37万5000円〜（固定残業代含む） ※内定を出す場合は【前職の給与以上】を保証します。 ※固定残…,450万円～1002万円
株式会社SNSコーチ ,＊リモートワークで自由に働く！＊ 勤務スタイル リモートワークの働き方になります。責任は伴いますが…,月給:30万円〜＋インセンティブ＋賞与年１回 ※経験・スキルに応じて、当社規定により決定します。 ※残…,360万円～500万円
株式会社クラフト ,【東京23区・神奈川県のプロジェクト先】 東京都千代田区/東京都中央区/東京都港区 東京都新宿区/…,月給21万2000円〜＋賞与年2回（年間4ヶ月分／昨年度実績） ※経験・能力を考慮し、当社規定により優遇い…,330万円～850万円
ジェイ・ライン株式会社 ,【大阪本社】 大阪府大阪市西区南堀江1-11-1　三共四ツ橋ビル11F ※転勤の可能性はありません…,月給30万円〜45万円＋インセンティブ ※経験・能力により優遇します。 ※上記には固定残業代（7万1480円…,420万円～600万円
パーソルワークスデザイン株式会社 ,【UIターンの方も活躍中！】 【宮崎駅前 KITENビル内】 ◆宮崎第1アウトソーシングセンター…,月給 18万円〜25万円 +残業代100%支給 ＋諸手当 ※経験、能力を考慮の上、当社規程により優遇 ※残業代(…,260万円～410万円
Earth Technology株式会社 ,≪転勤なし！希望・通勤時間をしっかり考慮し、話し合いの上で決定します≫※U・Iターンも歓迎！ ◎本…,"◆関東エリア：月給225,000円以上＋賞与年2回 ◆関西エリア：月給215,000円以上＋賞与年2回 ◆札幌エリア…",300万円～500万円
株式会社ライズテック ,《在宅勤務実施中！》本社またはプロジェクト先(東京都内中心)での勤務となります。 ◆本社／東京都中…,月給23万円〜45万円 ※経験やスキル、前職時の給与を考慮した上で決定します。 【モデル月収】 ・28歳／…,300万円～550万円
クラウンコンサルティング株式会社 ,本社／東京都江東区青海2-7-4 the SOHO 7F ※転居を伴う転勤はありません。 ※研修期…,月給25万円以上＋賞与年2回 ※経験、能力を考慮の上、決定いたします。 ※上記には、固定残業代（月15時…,300万円～550万円
Delivery Hero Japan株式会社 ,★全国各エリアで募集！新拠点続々オープン！ ★各エリアのクライアント先へはご自宅からの直行直帰とな…,年俸300万円〜500万円＋インセンティブ 【営業リーダー】 年俸580万円〜650万円＋賞与 ※神奈川県、宮城…,300万円～650万円
株式会社エム・フィールド ,【五反田オフィス】 東京都品川区東五反田2-7-18 SOWA五反田ビル4F もしくはプロジェクト…,月給24万円〜 ※経験やスキルにより考慮します。 ※経験者は基本的に前給を保証します。,350万円～700万円
IFS株式会社 ,《★リモートワークも実施中（全体の約80%）》 《★五反田オフィスで積極採用！》 《★転居をともな…,月給 25万円〜60万円 ＋ (各種手当) ※経験・スキル・能力等を考慮して優遇します。 ※上記金額には固定…,300万円～750万円
株式会社ケアリッツ・アンド・パートナーズ ,【交通費全額支給・転居を伴う転勤なし】 ★新宿ミライナタワー、または都内、埼玉県、神奈川県、千葉県…,■月給35万円〜80万円＋諸手当＋賞与2回 ※経験・能力・前職の給与を考慮して決定いたします ※試用期間3…,450万円～1020万円
株式会社VSN ,東京・名古屋・大阪の大都市、および関東・中部・近畿地域のプロジェクト先。 ※希望勤務地に関してはご…,【基本給】月給20万〜77.5万円（+別途手当支給） ※支給額は年齢、能力により、当社規定により決定します…,450万円～800万円
株式会社アミストロング ,東京都台東区の本社　または　東京都・埼玉県・千葉県・神奈川県にある各プロジェクト先。※ご希望を考慮…,"月給289,075円〜520,313円 ※経験・能力に応じて決定します。 ※固定残業代20時間分（39,075円〜70,313…",450万円～700万円
株式会社オルトプラス ,【交通費全額支給】 ★本社（「池袋駅」徒歩8分）または東京都内を中心とした各プロジェクト先 ■本社…,■月給25万円〜50万円 ※経験・スキルを考慮して決定します ※試用期間3ヵ月あり（期間中の待遇に変更な…,初年度年収のデータなし
タイズ株式会社 ,東京都23区内の各プロジェクト先 ※希望・交通費支給上限内を考慮して決定します。 【本社】 東京都…,"IT業界未経験 月給：200,000円〜 ※経験・能力を考慮のうえ、決定致します。",240万円～450万円
株式会社VSN ,【関西・東海エリアでも積極採用中】 東京・名古屋・大阪の大都市、および関東・中部・近畿地域のプロジ…,【基本給】月給20万〜77.5万円（+別途手当支給） ※支給額は年齢、能力により、当社規定により決定します…,350万円～800万円
株式会社アビリティ ,本社または東京23区内と首都圏（神奈川、埼玉、千葉）を中心とした各プロジェクト先 ※転勤はありませ…,"月給:35万円〜50万円＋賞与年2回 ※経験・能力を考慮の上で決定します。 ※固定残業代（月35時間／73,82…",450万円～1000万円
株式会社ジョブサポート ,東京23区内、都内近郊（神奈川、千葉、埼玉）のプロジェクト先 ※転居を伴う転勤はありません。勤務地…,"月給21万5,000円〜45万円 ※経験・能力を考慮のうえ、当社規定により優遇いたします。 ※上記月給には固…",250万円～550万円
株式会社Freedoming ,都内を中心とした一都三県のプロジェクト先 ※希望を考慮し、配属します ※自社サービス・受託などの案…,"月給280,000円以上 ＋ 諸手当 ＋ 決算賞与（年1回） ※経験・能力を考慮した上で決定いたします。 ＜前…",336万円～600万円
オブザーブ株式会社 ,東京・神奈川・千葉・埼玉の各プロジェクト先にて勤務。 ★転居を伴う転勤なし ★プロジェクトによりリ…,月給38万円以上 ※前職給与保証。経験・スキル・年齢を考慮の上、決定します。 ※試用期間3か月（待遇に…,500万円～800万円
ラーニンギフト株式会社 ,★転勤なし ★勤務地はご希望を考慮 東京都、神奈川県、千葉県、埼玉県、 大阪府、兵庫県、京都府、…,【経験1年未満の方】 月給23万円〜35万円 ※IT業界にて何らかの実務経験1ヶ月以上の方 ※何らかの言語で…,400万円～800万円
株式会社ISS ,★リモートワーク実施中 ◆本社（社内開発／東京都品川区西五反田）もしくは、東京23区・神奈川県（横…,月給25万円〜50万円+各種手当+賞与年2回 ※経験・スキル・能力・前職給与などを考慮して優遇します。 ※…,300万円～600万円
TMES株式会社 ,《★在宅勤務・テレワークあり（週1回）★》 転勤なし 【東京本社】 ▼住所 東京都港区芝浦4-13…,◆月給25万円〜36万円＋賞与2回＋残業手当（発生した分は全額支給） ※あなたのご経験・スキル・ご年齢…,370万円～600万円
アイコムシステック株式会社 ,【自習室・ライブラリーなど環境◎】 ★転勤なし ★NEC・NTTデータグループなど大手企業が中心…,【月給】36万円以上 ※前職給与保証 ※さらに年齢、経験などを考慮します ※賞与前年実績5.2ヵ月分 ※試…,400万円～1000万円
株式会社ルイーダアカデミー ,本社または各プロジェクト先（東京都23区内のみ） ※県外転勤なし ※8割がリモート案件 ※希望の案…,月給：23万円〜50万円 ※経験、年齢を考慮のうえ決定します。 ※固定残業代（3万円〜/月20時間分含む） …,300万円～700万円
ジャパニアス株式会社 ,【自社内または全国のプロジェクト先】 ＊転居を伴う転勤なし ＊U／Iターン歓迎 ＊全国で面接実施…,月給:28万円以上＋各種手当（残業代100％支給など）＋賞与年2回 ※経験・年齢・能力を考慮のうえ、決定…,400万円～800万円
株式会社デジタルビジョン ,【会社都合の一方的な転勤なし／希望の勤務エリア確約♪】 ●引っ越し費用補助あり ●UIターン歓迎…,月給24万円以上＋手当(残業手当/交通費全額/家族手当等)＋賞与年2回 ★前職の給与保証！！★ 先輩たちは…,450万円～800万円
株式会社YAZ ,【WEB面接OK！／ほとんどの社員がリモート勤務！】 ◆渋谷本社・札幌支社・名古屋支社で募集！ ▼…,月給28万円以上 ＋ 各種手当 ＋ 賞与年2回 ※前職の月給以上を保証。 ※経験やスキルを考慮した上で決定…,400万円～850万円
ジャパニアス株式会社 ,【自社内または全国のプロジェクト先】 ＊転居を伴う転勤なし ＊U／Iターン歓迎 ＊全国で面接実施…,月給:28万円以上＋各種手当（残業代100％支給など）＋賞与年2回 ※経験・年齢・能力を考慮のうえ、決定…,400万円～800万円
ジャパニアス株式会社 ,品川開発センターまたは各プロジェクト先 ＊転居を伴う転勤なし ＊U／Iターン歓迎 【品川開発センタ…,月給:32万円〜60万円＋各種手当（残業代100％支給など）＋賞与年2回 ※経験・年齢・能力を考慮のうえ、…,500万円～900万円
株式会社エヌ事業hoop ,★駅徒歩1分！通勤便利！ 東京都練馬区関町北2-24-13　銀雅パレス2-406,月給23万円〜35万円＋決算賞与＋インセンティブ ※試用期間3ヶ月あり（待遇に変更なし） ※上記の給与に…,400万円～600万円
京セラ株式会社 ,［京都綾部工場］ 京都府綾部市味方町１ ※マイカー通勤可 ★独身寮あり 冷蔵庫やエアコン、洗濯機な…,"月給16万9,500〜23万4,660円（残業代別途支給）＋諸手当 ※年齢・経験を考慮の上、当社規定により決定 …",初年度年収のデータなし
株式会社サーバントップ ,東京・名古屋・大阪・横浜・埼玉のいずれか ※各担当エリアへご自宅から直行直帰 ◆東京都千代田区神田…,◆月給：35万円〜＋インセンティブ＋賞与年2回 ※あなたの経験・年齢を考慮のうえ、当社規定により優遇し…,500万円～950万円
アイコムシステック株式会社 ,【自習室・ライブラリーなど環境◎】 ★転勤なし ★NEC・NTTデータグループなど大手企業が中心…,【月給】36万円以上 ※前職給与保証 ※さらに年齢、経験などを考慮します ※賞与前年実績5.2ヵ月分 ※試…,400万円～1000万円
株式会社海事プレス社 ,【リモートワーク導入中】 東京都千代田区岩本町2-1-15 吉安神田ビル3階 ※「神田駅」徒歩7分…,"月給20万6,600円以上＋残業代全額支給＋賞与年3回支給 ※経験・能力により、優遇いたします。 ※試用期間…",360万円～500万円
株式会社キャンサースキャン ,【転勤なし】 東京都品川区西五反田1-3-8 五反田PLACE2F ★リモートワーク・フレックス勤…,月給28万円以上 ＋ 賞与年2回（昨年度実績：2ヶ月分） ※経験、年齢、スキル等を考慮の上、当社規定に基…,400万円～600万円
ザ・サン・ストラテジック・ソリューションズ株式会社 ,☆転勤なし ＜交通アクセス＞ 各線「九段下駅」出口7より徒歩1分 ・東京都千代田区九段北1-12-…,月給：25万円以上 ※経験・年齢・能力を考慮のうえ、決定致します。,300万円～600万円
ケイレックス・テクノロジー株式会社 ,◆本社（八丁堀駅から徒歩1分以内）または、東京都内・神奈川県のプロジェクト先での勤務となります。…,■月給30万円以上 ＋ 諸手当 ＋ 賞与年2回 ＜経験者は月給40万円〜60万円以上が可能！＞ ※年齢・経験・…,400万円～700万円
株式会社ウエスタンカンパニー ,【テレワーク実施中です】◎転勤なし◎マイカー通勤可 ＜ 本社 ＞ 愛知県岩倉市八剱町郷東5番地 ……,月給25万円〜40万円 ※前職の給与／スキルを考慮し、ご相談の上決定いたします。 《 給与例 》 月収35万…,350万円～550万円
武蔵オイルシール工業株式会社 ,【東京と福岡で同時募集中！東京は7月に営業所を新しいオフィスに移転予定です！】 ◆東京営業所 東京…,月給20万円〜25万円＋地域手当（福岡月3千円・東京月1万円）＋時間外手当＋賞与年2回※昨年実績4カ月分 …,320万円～450万円
ネット株式会社 ,本社／大阪府大阪市中央区島之内一丁目 ＜交通アクセス＞ 堺筋線「長堀橋駅」より徒歩3分,月給：25万円以上 ※経験・年齢・能力を考慮のうえ、決定致します。 ※固定残業代（5万円以上／32時間相…,初年度年収のデータなし
イマジン・グローバル・ケア株式会社 ,【本社】 東京都港区六本木3-16-12 六本木KSビル8F ★転勤はありません！ ≪アクセス≫…,"月給35万円~40万円 　※経験・能力を考慮し決定 　※固定残業代40時間分(74,405円~93,007円)含む 　※超…",初年度年収のデータなし
東急少額短期保険株式会社 ,【転勤なし／渋谷駅から徒歩3分】 ◆本社 東京都渋谷区道玄坂1-10-8 渋谷道玄坂東急ビル,月給45万円〜＋賞与年2回 ★前職給与・経験・年齢を考慮の上、当社規定により優遇します。,500万円～800万円
ネット株式会社 ,本社／大阪府大阪市中央区島之内一丁目 ＜交通アクセス＞ 堺筋線「長堀橋駅」より徒歩3分,月給：25万円以上 ※経験・年齢・能力を考慮のうえ、決定致します。 ※固定残業代（5万円以上／32時間相…,初年度年収のデータなし
株式会社エデュプレス ,＊--アクセス◎「岩本町駅」より徒歩3分--＊ 【東京営業所】 東京都千代田区岩本町2-4-10,月給:25万円〜30万円＋諸手当（時間外100％支給など）＋ 賞与年2回（昨年度実績4ヵ月） ※経験・年齢・…,300万円～400万円
株式会社東京商工リサーチ ,★大手町駅より徒歩1分で、通勤も便利♪ 本社／東京都千代田区大手町1-3-1　JAビル ＜アクセス…,月給27万3190円〜34万1440円（一律手当含む） ※年齢を考慮の上、当社規定により優遇します。,450万円～650万円
ネット株式会社 ,本社／大阪府大阪市中央区島之内一丁目 ＜交通アクセス＞ 堺筋線「長堀橋駅」より徒歩3分,月給：25万円以上 ※経験・年齢・能力を考慮のうえ、決定致します。 ※固定残業代（5万円以上／32時間相…,初年度年収のデータなし
株式会社カナジュウ・コーポレーション ,【★転勤なし／マイカー通勤可】 横浜市瀬谷区橋戸1-22-12,"◆月給19万4,900円〜40万円 ＋ 時間外手当全額支給 ＋ 資格手当 ※上記はあくまでも最低保証される支給…",320万円～450万円
アークシステム株式会社 ,本社またはプロジェクト先（東京23区・横浜市内） ※勤務地は希望を考慮します ※転居を伴う転勤はあ…,月給22万円〜27万6000円（基本給）＋各種手当＋賞与年2回 ※スキル・経験・年齢などを考慮して決定します…,400万円～600万円
株式会社ファンギルド ,★転勤なし！ ★新宿三丁目駅より徒歩3分の駅近オフィス♪ 東京都新宿区新宿2-5-10 成信ビル2階,〈月給〉24万円以上 ※上記金額は最低保証額です。経験・スキルなどを最大限考慮し、優遇いたします。 …,300万円～600万円
エックスサーバー株式会社 ,【大阪本社】 大阪府大阪市北区大深町4-20 グランフロント大阪タワーA 32階 ※転勤の可能性は…,月給22万5000円以上 ※あくまで支給最低金額です。スキル・経験に応じて決定します。 ※試用期間は3ヶ月…,300万円～450万円
株式会社マキバレ ,【本社または都内、神奈川県、埼玉県、千葉県の各プロジェクト先】 ※転居をともなう転勤はありません。…,"【大卒以上】 月給23万円以上＋賞与年2回 （固定残業代月20時間分／3万1,000円以上含む、超過分は別途支…",初年度年収のデータなし
株式会社アクティブ・ソリューション ,【リモートワークOK！】 【マイカー通勤OK】 神奈川県横浜市鶴見区下末吉4−10−1ウッドハイム…,月給28万円〜35万円＋賞与年2回 ※経験やスキルを考慮の上、優遇いたします。 ※上記には固定残業代30時…,370万円～470万円
株式会社静勝 ,転勤なし！現場は基本直行直帰です！ 東京営業所／東京都港区芝4-7-6 尾家ビル5階 横浜営業所／…,＼前職給与を保証します！／ 月給25万円〜 ※年齢、経験、能力を考慮の上、優遇します。 ※試用期間3ヶ…,350万円～700万円
株式会社シード・プランニング ,【転勤なし・交通費全額支給】★「湯島駅」徒歩3分／「御茶ノ水駅」徒歩10分 ■東京都文京区湯島3-…,"■月給22万9,000円〜 ※経験・スキルを考慮し、決定いたします ※試用期間3ヵ月あり（期間中の待遇に変更…",初年度年収のデータなし
株式会社サイショウビ ,リモートワークも一部可能◎ 代官山、恵比寿が最寄りのオシャレなオフィスでの勤務となります。 ※転勤…,月給35万円〜50万円 ＋ 賞与年3回 ＋ 各種手当 ※経験・スキルを考慮の上、決定します。 ※上記金額には…,420万円～1000万円
株式会社第一コンピュータサービス ,東京・神奈川・名古屋・大阪・仙台、いずれかでの勤務となります。 ★転居を伴うような転勤は一切ありま…,【東京・神奈川】 月給23万円〜40万円 【愛知・大阪】 月給21.5万円〜35万円 【宮城】 月給21万円〜35…,350万円～550万円
株式会社ユニット ,【転勤なし！「恵比寿」「広尾」が最寄り駅です。】 《勤務地》 東京都渋谷区広尾1-10-5　テック…,月給23万円以上 ※上記は最低保証額です。経験・年齢・スキルなどを考慮の上、決定いたします。 ※毎月…,300万円～400万円
株式会社エス・エム・エス ,全国エリア募集！本社または事務所への配属 ※在宅勤務・リモートワーク相談可 ※希望を最大限考慮 ◆…,"【東京、埼玉、神奈川、千葉、京都、大阪、兵庫】 月給36万7,334円〜 上記給与には固定残業代を含みます…",488万円～610万円
株式会社マクロミル ,＜品川本社＞ 東京都港区港南2-16-1　品川イーストワンタワー 11F,"月給：33.3〜58.3万円 ※みなし残業代(月25時間分／51,000〜89,000円)を給与に含み支給。 ※試用期間有(3…",400万円～700万円
ノーバジェット株式会社 ,——*◆ 秋葉原・岩本町から徒歩5分以内の好立地です ◆*—— 東京都千代田区神田須田町2丁目25…,月給25万円〜43万円＋諸手当 ※経験・スキルを考慮の上、当社規定により優遇 ※試用期間3ヶ月あり。待遇…,350万円～600万円
株式会社プラスジャム ,【転勤なし／リモートワーク／全国どこでも勤務可能！】 本社／東京都目黒区祐天寺2丁目13-4　Po…,月給25万円〜50万円 ※前職給与を最大限考慮いたします！ ※ご希望の額を面接時にご相談ください。 ※経…,300万円～700万円
ヤフー株式会社 ,【東京本社（ワイジェイカード株式会社）】 東京都千代田区紀尾井町1-3 東京ガーデンテラス紀尾井町…,月給：28万円〜57万円 ※経験、業績、スキル、貢献に応じて、同社規定により優遇します。 ※6ヶ月間の試…,400万円～800万円
株式会社NTTデータ関西 ,本社／大阪府大阪市北区堂島3-1-21 NTTDATA堂島ビル 【アクセス】 ・JR環状線「福島」…,"月給21万1,790円〜 ※下限はあくまでも2019年度の新卒初任給実績です。経験や能力等に応じて決定します",400万円～600万円
株式会社プラスジャム ,【転勤なし／リモートワーク／全国どこでも勤務可能！】 本社／東京都目黒区祐天寺2丁目13-4　Po…,月給25万円〜50万円 ※前職給与を最大限考慮いたします！ ※ご希望の額を面接時にご相談ください。 ※経…,300万円～700万円
株式会社マクロミル ,＜品川本社＞ 東京都港区港南2-16-1　品川イーストワンタワー 11F ※株式会社マクロミル エ…,"月給：29.2〜37.5万円 ※みなし残業代有(月25時間分／45,000〜58,000円)。 ※試用期間有(3ヶ月 ※待遇に…",350万円～450万円
株式会社サイバー・コミュニケーションズ ,東京本社（東京都中央区築地1-13-1「築地松竹ビル」） 【交通アクセス】 東京メトロ日比谷線/都…,"月給23万5,000円〜43万円 ※経験や能力を考慮の上決定 ※固定残業代（月20時間分・29,375円〜53,750円）…",415万円～705万円
龍貴電気工業株式会社 ,【U・Iターン歓迎／転勤なし！】 ☆阿波座駅、本町駅より徒歩スグの好立地！ 大阪府大阪市西区立売堀…,月給30万円〜+賞与年2回 【モデル年収例】 年収650万円／40歳 ※年齢・経験・スキルを十分考慮の上、 …,420万円～560万円
株式会社サイバー・コミュニケーションズ ,東京本社（東京都中央区築地1-13-1「築地松竹ビル」） 【交通アクセス】 東京メトロ日比谷線/都…,"月給235,000円〜430,000円 ※経験や能力を考慮の上決定 ※固定残業代（20時間分、月29,375円〜53,750円）…",415万円～705万円
株式会社マクロミル ,＜品川本社＞ 東京都港区港南2-16-1　品川イーストワンタワー 11F,"月給：29.2〜37.5万円 ※みなし残業代(月25時間分／45,000〜58,000円)を給与に含み支給。 ※試用期間有(3…",350万円～450万円
ノーバジェット株式会社 ,——*◆ 秋葉原・岩本町から徒歩5分以内の好立地です ◆*—— 東京都千代田区神田須田町2丁目25…,月給25万円〜43万円＋諸手当 ※経験・スキルを考慮の上、当社規定により優遇 ※試用期間3ヶ月あり。待遇…,350万円～600万円
ヤフー株式会社 ,【紀尾井町オフィス】 東京都千代田区紀尾井町1-3 東京ガーデンテラス紀尾井町 【大阪グランフロン…,月給：28万円〜57万円 ※経験、業績、スキル、貢献に応じて、同社規定により優遇します。 ※6ヶ月間の試…,400万円～800万円
パーソルテンプスタッフ株式会社 ,東京都、神奈川県、大阪府、京都府、兵庫県、愛知県の大手・優良企業 ★転居を伴う転勤はありません ★…,【東京】月給20万9700円以上＋賞与年2回 【神奈川】月給20万円以上＋賞与年2回 【大阪】月給19万7400円以…,250万円～350万円
トランスコスモス株式会社 ,【渋谷ファーストタワーまたは都内を中心としたお客様企業】 現在、キックオフなど必要な時を除き、 業…,大卒：月給20万2000円以上 短大・専門学校卒：月給17万6500円以上 ※試用期間3ヶ月／条件変更無 ※別途…,350万円～600万円
株式会社内藤一水社 ,＜「梅田」駅・「大阪」駅・「淀屋橋」駅・「肥後橋」駅からアクセス良好／転勤なし＞ ■大阪支社 大阪…,"月給22万8400円以上 ※経験、年齢等を考慮し、決定いたします ※上記月給には固定残業代（16,400円／10時…",初年度年収のデータなし
株式会社コミットグロース ,＊---アクセス抜群！「大手町駅」より徒歩4分---＊ ☆100％自社内勤務（客先常駐はありません…,【未経験者】 月給22万1500円〜＋各種手当＋賞与（業績連動） 【経験者】 月給25万円〜＋各種手当＋賞与…,300万円～600万円
株式会社アド・トップ ,東京都中央区築地4-1-17　銀座大野ビル8階 【アクセス】 ・各線「東銀座駅」より徒歩2分 ・東…,"月給22万3,900円〜26万3,700円 ※固定残業代(5万7,400円〜6万7,600円 / 45時間相当分)を含みます ※時間…",250万円～300万円
竹田工務店株式会社 ,【リモートワーク実施中です】 兵庫県明石市貴崎3丁目16番29号 ★転勤なし ★UIターン歓迎／引…,月給20万円以上+諸手当 ★あなたの経験や能力などをもとに決定します ★試用期間中(3か月)も待遇に変更は…,270万円～450万円
株式会社 ＨＡＬ ,《リモートワーク可／会社都合による転勤は一切なし！》 ☆本人のご希望・居住地を考慮し、案件をご案内…,≪関東・関西・東海エリア≫ 月給35万円〜(開発経験5年以上) 月給30万円〜(3年以上) 月給27万円〜(3年未…,350万円～850万円
TDCX Japan株式会社 ,【リモートワーク募集】 ★月1回横浜オフィスへ出社いただきます ★転勤なし ★在宅勤務手当あり 本…,【月給25万円〜26万5000円】+インセンティブ(毎月)＋時間外手当100％支給 ※前職給与・経験・年齢・能力…,318万円～400万円
プロンプト・Ｋ株式会社 ,◇転勤なし！ ◇UIターン歓迎！ 【 東京オフィス 】 東京都品川区西五反田1丁目11番1号 アイ…,【経験者】月給24万円〜36万円 + 諸手当 【未経験者】月給21万円〜36万円 + 諸手当 ※年齢、経験、能力を…,360万円～540万円
NTTデータカスタマサービス株式会社 ,★配属は希望を考慮・I/Uターン歓迎 ★在宅勤務OK 東京・青森・宮城・大阪・香川いずれかでの拠点…,月給20万円〜45万円 【月収例】 月収32万円＝月給24.5万円+時間外手当4.2万円+住宅補助費3.3万円 ※経験…,430万円～650万円
エクスピーズ株式会社 ,＊【フルリモートワークです】 ＊ＵＩターン歓迎！ ◆メイン勤務先 東京都新宿区西新宿1-5-11…,◆月給25万円〜40万円 + インセンティブ ※前職給与や経験を考慮します。 ※40時間分のみなし残業代（6…,400万円～550万円
株式会社ナサ ,＼今年5月に拡大移転の新拠点で活躍！／ 埼玉県戸田市戸田市新曽218,月給25万円＋賞与年2回（年平均4.9ヶ月分） ※経験・スキル等を考慮し、弊社規定により決定いたします。…,400万円～500万円
株式会社Y’s＆partners ,【転勤なし／「六本木」「青山一丁目」駅チカ★】 本社／東京都港区南青山1−15−9 第45興和ビル…,月給24万円以上＋インセンティブボーナス（毎月のチーム業績連動） ※これまでの経験・意欲・前職給与を…,300万円～500万円
株式会社情熱キャリア ,希望を考慮し、各拠点へ配属となります。 【難波営業所】 大阪府大阪市中央区難波5-1-60 なんば…,月給26万円〜45万円 + 諸手当 ※年齢、経験、能力を考慮の上、優遇します。 ※上記には一律手当てが含ま…,350万円～600万円
インプレイス株式会社 ,《原則本社勤務》 ★複数駅利用可でアクセス抜群！ ★転勤なし！ ★引っ越し費用補助あり！ 【本社】…,月給:30万円以上＋各種手当＋賞与（業績に応じて） ※経験・年齢・前給等を考慮の上、優遇します。 ※固…,400万円～700万円
株式会社ディグラ ,☆フルリモート！自宅で働けます☆ 全国どこからでもご応募お待ちしています！ ▼本社 東京都港区赤坂…,月給30〜60万円 ★上記金額はスタート時の金額です。 ★経験・スキル等を考慮の上、当社規定により優遇し…,370万円～920万円
株式会社リロパートナーズ ,＼長町店積極募集／ ＜宮城県内の各店舗＞ ※リロパートナーズ各社への出向となります。 ※勤務地は希…,"月給：210,000円〜350,000円 ※経験・資格を考慮し、当社規定により決定いたします。 ※上記給与には一律…",初年度年収のデータなし
ミックスピース株式会社 ,【在宅勤務OK】★駅近★新御徒町徒歩1分／蔵前駅徒歩6分 ■東京都台東区浅草橋3-33-5 ホーユ…,月給22万円〜25万円 ※経験・能力を考慮の上、当社規定により優遇します。 ※試用期間3カ月（試用期間は…,初年度年収のデータなし
グルーコード株式会社 ,【本社】 東京都渋谷区渋谷3-10-19　渋谷MJ-2ビル6F ＜交通アクセス＞ 各線「渋谷駅」1…,■月給25万円以上 ※※当社給与規程に準じて能力や適性、経験を考慮し決定します。 上記給与にはみなし残…,300万円～600万円
アデコ株式会社 ,★転勤なし ★首都圏または関西・東海エリア限定採用 各エリア内の大手・優良企業での勤務となります。…,月給23万9000円〜83万9000円 ＋ 残業代1分単位支給 ＋ 賞与（年2回） 【モデル月収例】 ・20代(構築経験…,350万円～1000万円
スピンシェル株式会社 ,【転勤なし】 ★現在リモートワーク実施中 ★「後楽園」「飯田橋」の2駅6路線からアクセス◎ ★UI…,【月給35万円〜40万円】 ★前職給与・経験・スキル・年齢等を考慮の上、優遇します。 ★上記には月45hの…,420万円～600万円
レック・テクノロジー・コンサルティング株式会社 ,【転居を伴う転勤なし／ほぼフルリモート勤務】 ※勤務地は希望を考慮します！ 【勤務地】 ◆自社作業…,"月給26万円以上＋諸手当＋賞与年2回 ★前職からの給与UP保証 ★残業代は別途100%支給 【""前職給与以上""…",400万円～1000万円
株式会社アイエスエフネット ,【札幌限定採用】 ＜札幌支店＞ 北海道札幌市中央区北1条西3条3丁目 ばらと北1条ビル5階 ---…,月給25.5万円以上 -------------------------------------------- ※経験・スキルを考慮して決定 ※月給…,306万円～500万円
株式会社CyberOwl ,★転勤なし ★綺麗なオフィス♪駅直結の「渋谷スクランブルスクエア」 ◆本社 東京都渋谷区渋谷2-2…,月給34万円〜 ※給料額は、経験やスキルなど考慮のうえ決定いたします。 ※試用期間3か月あり。期間中の…,408万円～540万円
株式会社クロスパワー ,各プロジェクト先での勤務になります。 【本社】 東京都千代田区神田佐久間町1-9 ＜交通アクセス＞…,＜監視の経験がある方＞ 月給22万円〜 ※みなし残業代12時間分/2万625円〜を含む。超過残業代は別途支給…,350万円～550万円
株式会社アミューズ ,本社（東京オフィス）／東京都渋谷区桜丘町20番1号 アミューズ ヴィレッジ（山梨県・西湖オフィス）…,完全年俸制／300万円以上 ※前職給与・経験・能力などを考慮の上、当社規定により決定します。 【正社員…,300万円～600万円
株式会社公文教育研究会 ,★転勤なし ★東京駅・大手町駅直結 ★丸の内センタービル18階の眺めの良いオフィス勤務 【事務業務…,◆時給1500円＋賞与年2回＋残業代全額支給 《月収例》 ◆月収22万5000円〜24万7500円 時給1500円×7.5…,300万円～330万円
市場株式会社 ,《基本的に転勤なし／兵庫本社、または東京で活躍！》 ★テレワークもOK／U・Iターン歓迎！ 《本社…,◆月給30万円〜40万円 + 諸手当 ※年齢・経験・スキルを十分考慮の上、 　当社規定により優遇いたします…,450万円～600万円
株式会社Grabit ,★「東長崎」駅より徒歩1分の好立地！ 【本社】 東京都豊島区長崎４-９-５ フェイマスショップビル…,月給22万円以上 + 賞与（業績により） + 諸手当 ※経験・能力を考慮し、決定いたします。 ※試用期間6ヶ…,260万円～400万円
株式会社サイバー・コミュニケーションズ ,東京本社（東京都中央区築地1-13-1「築地松竹ビル」） ※株式会社DataCurrentに出向…,"月給300,000円〜400,000円 ※経験や能力を考慮の上決定 ※固定残業代（20時間分、月37,500円〜月50,000円…",515万円～659万円
株式会社アルファステップ ,株式会社アルファステップ 東京都新宿区西新宿1-25-1　新宿センタービル31階,"・正社員 【月給】350,000円〜 ※試用期間6ヶ月（待遇は変更なし）",400万円～600万円
CROOZ SHOPLIST株式会社 ,【本社】 東京都品川区西品川1-1-1　大崎ガーデンタワー20階,年俸制　400万円〜 ※経験・能力などを考慮し決定いたします。 ※年俸の12分の1を毎月支給します。 ※上…,初年度年収のデータなし
Dreamcloud株式会社 ,★転勤なし／オフィスは青山（外苑前、表参道）！ ■東京本社／東京都港区北青山2丁目14-4 the…,月給：27万円 (見込み残業代40時間分／7万円を含む) ※超過分は別途支給 2年目以降　月給：30万円以上 (…,370万円～400万円
株式会社創源 ,★転勤なし！ ★リモートワーク（在宅ワーク）＆フレックス勤務も可能！ ★馬喰町駅など５駅使える好立…,月給24万〜30万円以上＋残業代全額支給 ■PG：月給24万円以上 ■PL候補：月給27万円以上 ■PM候補：月給…,330万円～700万円
アイスター株式会社 ,■大阪府内のプロジェクト先,月給27万円以上 【モデル月給例】 月給27万円／経験10年 ※但し、年齢・経験・能力を考慮の上、決定し…,450万円～500万円
株式会社セイファート ,★最寄り駅徒歩5分圏内のオフィス ★直行直帰・テレワークもOK！ 希望を考慮し、東京、名古屋、大阪…,"月給256,760円以上＋賞与年2回 ※入社後、試用期間が2ヶ月間あります（期間中の待遇に変更はありません…",300万円～450万円
フォーザウィン株式会社 ,【転勤なし／希望を考慮】東京本社・渋谷支店・大阪支店・名古屋支店・群馬支店、または各プロジェクト先…,月給28万円〜 【前給以上を必ず保証します】 ※上記の金額に経験・能力等を考慮し加給します。 ※試用期…,450万円～1000万円
株式会社サテライトオフィス ,【週の半分はテレワークを実施！】 東京都江東区東陽4-3-1 東陽町信栄ビル4階 東西線「東陽町駅…,年俸制:400万円〜1000万円 ※16分割での支給となります 。 ※経験・スキルに応じ、当社規定内で決定しま…,400万円～1000万円
株式会社CYLOOK ,【転勤なし／駅近オフィス】 東京都港区六本木四丁目2-45 高會堂ビル2階 〜アクセス〜 ・各線『…,月給32万円〜50万円 ※経験・スキルなどを考慮のうえ、決定いたします。 ※固定残業代（25時間分／5万円…,384万円～600万円
株式会社日本アルトマーク ,【リモートワーク推進中／転勤なし】 JR「田町駅」直結、都営地下鉄「三田駅」より徒歩1分！ 本社／…,月給20万6000円〜22万5000円+残業代+諸手当 ＜月収例：23万円／入社1年目（残業代+諸手当含む）＞ ※上…,初年度年収のデータなし
株式会社アイシーイノベーション ,★転居を伴う転勤なし 東京都内（主に23区内）のプロジェクト先に勤務していただきます。 勤務地の希…,"月給250,000円〜390,000円 ※スキル・経験を考慮し当社規定により決定します ※上記給与には20時間分の固…",350万円～530万円
株式会社アクアリーフ ,神奈川県平塚市八重咲町7-28 神奈中八重咲町ビル4F 《アクセス》 JR『平塚駅』西口改札より徒…,月給18万円〜35万円 ※経験・能力・年齢等を考慮の上、当社規定により優遇します。 ※別途残業手当支…,300万円～400万円
株式会社ネスタ,東京都杉並区和田3丁目41−14 リモートワークのため、裁量を持って働くのも可能となります！,月給25万~30万円＋賞与年1回 　※経験・年齢を考慮の上、当社規定により優遇します。,300万円～500万円
株式会社エムズコーポレーション ,★2拠点同時募集★ 《名古屋本社》 or 《東京（神楽坂）オフィス》 ◎UIターン大歓迎 ◎勤務地…,【月給20万4000円〜＋諸手当＋賞与（年2回）】 ※あなたの年齢・スキル・経験を考慮の上、決定いたします…,250万円～500万円
株式会社サテライトオフィス ,【週の半分はテレワークを実施！】 東京都江東区東陽4-3-1 東陽町信栄ビル4階 東西線「東陽町駅…,年俸制:400万円〜1000万円 ※16分割での支給となります 。 ※経験・スキルに応じ、当社規定内で決定しま…,400万円～1000万円
株式会社ロジック ,官公庁や一部上場企業など、東京都・神奈川県横浜市の各プロジェクト先 ※転勤なし 【本社】 東京都千…,"月給220,000円〜360,000円 ※あなたの能力・経験・年齢を考慮の上、決定いたします。 ※試用期間3ヵ月間…",200万円～450万円
株式会社ネスタ ,【ママプラスカフェ 東高円寺】東京都杉並区 和田3丁目41−14,月給25万~30万円＋賞与年1回 　※経験・年齢を考慮の上、当社規定により優遇します。,300万円～500万円
株式会社マイベスト ,【本社】 東京都中央区築地2-11-13 アーバンネット築地第1ビル・第2ビル ＜交通アクセス＞…,月給：23万770円以上 ※経験・能力・スキル等を考慮の上、当社規定により決定します。 ※固定残業代45時…,300万円～450万円
株式会社フレキシブル ,《転勤なし／渋谷駅からアクセス良好♪》 ◆本社 東京都渋谷区道玄坂2-10-10 世界堂ビル3階…,月給24万円〜30万円＋賞与年2回＋諸手当 ※経験・スキル・年齢等を考慮し、当社規定により決定します。 …,300万円～400万円
アパルトマンイクシーズ株式会社 ,【本社】 大阪府吹田市垂水町3丁目33-17 アパルトマンイクシーズ本社ビル ＜交通アクセス＞ 大…,"月給：20万5,000円〜23万円 ※経験・年齢・能力を考慮のうえ、決定致します。 ※試用期間6ヶ月(期間中の…",290万円～330万円
株式会社レジット ,【転職なし／U・Iターン歓迎】 ★渋谷駅・神泉駅より徒歩直ぐの好アクセス♪ ★来年には、更にオフィ…,月給23万円〜37万円以上 ＋ 賞与 ※経験・年齢などを考慮の上、当社規定により優遇。 ※上記には固定残業…,300万円～800万円
株式会社キャリアサービス ,【本社(新橋)や、サテライトオフィス(渋谷、恵比寿、新宿、田町)で働きます！】 ★転勤なし！ ▼本…,月給35万円以上 ＋ 賞与年2回 ＋ 各種手当 ※経験・スキルを考慮し、優遇いたします。,500万円～1000万円
株式会社ナック ,【東京・神奈川・千葉・埼玉・茨城の各拠点で募集中！】 町田 東京都町田市野津田町2400 世田谷…,月給：19万7975円以上＋賞与年4回＋技術給（Max10万円） ※経験・スキル・年齢・売上コミッション・販売…,380万円～600万円
北話エンジニアリング株式会社 ,金沢・白山・七尾・富山・福井・敦賀いずれかに配属します。（希望を考慮） 【電気通信施工業務】 観法…,"月給17万3,000円〜24万8,050円 ※年齢・経験・能力を考慮のうえ決定します 【モデル月収】 月収19万円／…",250万円～350万円
ADlive株式会社 ,◆御堂筋線・中央線・四つ橋線 「本町駅」出口4 より徒歩1分 ◆〒541-0053 大阪府大阪市中…,月給35万円以上＋諸手当 ※月給は、固定残業代 45時間分(8万4千800円以上)を含みます。 ※超過分別途支給…,490万円～630万円
日本獅龍株式会社 ,東京都内のプロジェクト先にて勤務いただきます。 ☆基本的に転勤はございません ☆リモートワーク実施…,月給35万円〜50万円 ※前職や経験、スキルを考慮の上、優遇いたします。 ※試用期間中（３か月）は、月給…,450万円～700万円
株式会社ブレイン・ゲート ,福岡県福岡市中央区舞鶴1-5-6 SKビル 6F 【アクセス】 地下鉄空港線『赤坂駅』より徒歩10…,月給27万円〜 ＋ 諸手当 ※前職の給与や能力・経験を考慮します。 ※最長3ヶ月間の試用期間あり( 待遇同…,390万円～650万円
TM人事労務コンサルティング株式会社 ,〒730-0041 広島県広島市中区小町3-25　三共広島ビル４階,"◆月給: 230,000円〜350,000円 ・230,000円の場合 ※固定残業代含む（42,900円/30時間） ・350,000円の…",初年度年収のデータなし
株式会社メディエイド ,★転勤なし ★リモートワーク可！ ★神田駅徒歩すぐ！ 【本社】 東京都千代田区内神田3-2-1 喜…,年俸制500万円〜900万円 ※年俸の1/12（月額41.6万円〜75万円）を毎月支給します。 ※試用期間3か月あり…,500万円～900万円
株式会社東京テレポートセンター ,※転勤なし 【本社】 東京都江東区青海2-5-10 （テレコムセンタービル3階） ★保有ビルが臨海…,月給27万円〜45万円+諸手当+賞与年2回 ※前職給与・年齢・経験・能力を考慮の上、当社規定により決定い…,450万円～750万円
株式会社ユニゾンベックス ,【転勤なし／「恵比寿駅」より徒歩3分／U・Iターンも歓迎！】 ◆本社／東京都渋谷区恵比寿西1-9-…,月給28万円以上 ※経験・能力・スキルを考慮し決定いたします。 ※試用期間2ヶ月あり（期間中の待遇に変…,360万円～600万円
株式会社大崎コンピュータエンヂニアリング ,【東京情報通信センター】（工事部門） 東京都品川区西五反田3-8-8 NTT大崎営業所 別棟3階…,"月給20万円以上 ※他、残業手当・通勤手当（全額）・養育手当（1人15,000円）なども追加で支給します。住…",300万円～500万円
株式会社インターヨーロッパ ,愛知県、三重県、京都府の各店舗 ※転居を伴う転勤なし ※マイカー通勤可 ★京都の店舗積極採用中！…,月給18万円〜40万円＋各種手当・インセンティブ ※経験・能力を考慮の上、当社規定により優遇いたします…,310万円～700万円
株式会社AMBITION ,＜転勤なし＆状況に応じてリモートワークOK＞ 東京都渋谷区神宮前2丁目34-17 住友不動産原宿ビ…,月給25〜50万円 ※経験・スキル等を考慮し、当社規定により決定いたします。 ※上記には固定残業代（5万…,初年度年収のデータなし
CTW株式会社 ,★アクセス抜群！4駅利用可能 ★転勤なし ★六本木のオシャレなオフィス ★フリーアドレス制 【本社…,月給：25万円以上（※在宅勤務手当、割増賃金、交通費は別途支給） ※経験・年齢・能力を考慮の上、優遇…,300万円～500万円
株式会社バイタリフィ ,【転勤なし／駅近オフィス】 東京都渋谷区恵比寿西1-9-6 アストゥルビル8F 〜アクセス〜 ・各…,月給34万円〜 ※経験・スキルなどを考慮のうえ、決定いたします。 ※試用期間3ヶ月あり。（期間中、待遇…,450万円～800万円
株式会社アイ・エム・ジェイ ,【本社】 東京都港区三田1-4-1 住友不動産麻布十番ビル <アクセス> ○都営地下鉄大江戸線「赤…,年俸制：300万円〜1200万円 ※上記は残業代等各種手当を含みません。また前職・ご経験を考慮の上、当社規…,初年度年収のデータなし
パーソルプロセス＆テクノロジー株式会社 ,◆JR「大阪駅」より徒歩9分 ※U／Iターン歓迎 ※転勤なし 【関西支社】 大阪府大阪市北区堂島浜…,■月給20万円〜25万円 ※前職の給料・経験・能力などを考慮して決定します ※試用期間3ヶ月あり（待遇に…,初年度年収のデータなし
株式会社アパートナー ,【本社】 東京都目黒区上目黒1-16-11 ※コロナウイルスによる自粛期間中は リモートワークが中…,"月給30万円以上＋賞与＋各種手当 ※上記にはみなし残業代10時間分23,113円〜を含みます。 超過分は別途支…",420万円～500万円
株式会社GoingN ,【東京本社・大阪営業所・都内および大阪府内のクライアント先】 ※希望を考慮し決定します。 ※転勤は…,月給:29万円〜50万円＋各種手当＋業績賞与 ※ 試用期間6ヵ月間は契約社員（契約社員期間も給与額は同額）…,400万円～700万円
株式会社エー・ディー・ワークス ,【転勤なし】本社：東京都千代田区内幸町2-2-3　日比谷国際ビル5階 【アクセス】 都営地下鉄 三…,月給21万円〜27万円＋賞与年2回＋諸手当＋長期業績連動手当 ※年齢・経験・能力を最大限考慮の上、決定…,300万円～450万円
株式会社クランピーリアルエステート ,【本社】 東京都中央区築地2-10-6 Daiwa築地駅前ビル9F,【月給】30万円〜50万円 ＋ 賞与年2回 ＋ 各種手当 ※固定残業代（60時間分/97.390円〜）を含みます。 …,420万円～600万円
日本システム技術株式会社 ,【転勤なし】 ★健康経営優良法人2021認定 ★残業月15h以下 ★リモートワーク有 ★品川駅直結…,【月給25.2万円以上】 ＋諸手当(住宅・こども…) ＋賞与年2回(5.4ヵ月/実績) ★前職給与・経験・スキル…,420万円～1000万円
株式会社Def tribe ,本社（大阪市中央区）または、大阪・京都・兵庫にあるプロジェクト先に配属となります。 希望を最大限に…,年俸400万円〜700万円+各種手当 ※経験・能力や希望にあわせて年俸額を決定します ※上記は固定残業手当…,420万円～700万円
株式会社ドルフィンKOTO ,【転勤なし】★複数路線使用可能／新木場駅より徒歩6分！ 〈本社〉 東京都江東区新木場1-4-2 〈…,月給23万円〜26.5万円 ※経験・能力を考慮し決定します。 ※試用期間3ヶ月（同条件）,320万円～400万円
株式会社ディグラ ,【転勤なし／UIターン歓迎】 ★在宅勤務となります ▼ご自宅でのリモートワークです <例> 東京都…,【月給25万〜50万円】＋インセンティブ ★上記金額はスタート時の金額です。 ★経験・スキル等を考慮の上…,300万円～600万円
株式会社ブレインファーム ,【大阪オフィスは積極採用中！】 ＊U・Iターン歓迎、引越し手当も支給します（東京での面接も可能）…,◆年俸 500万円以上 ＋ 業績に応じて決算賞与 ※経験・スキル等を考慮のうえ、決定します ※試用期間中…,500万円～650万円
株式会社ビジュアルリサーチ ,【赤坂駅徒歩5分・転勤なし】※2021年2月に移転したばかりの新オフィスです！ 東京都港区赤坂5-…,月給22万円〜＋交通費＋諸手当 試用期間3ヶ月（給与に変更はございません） ※あくまでも最低限の支給額…,400万円～700万円
株式会社TERASS ,◆首都圏（東京都・埼玉県・神奈川県・千葉県）もしくは関東圏(栃木県・群馬県・茨城県)のお好きなエリ…,【A】フルコミッション制 仲介手数料売上に対し「75％」を報酬として還元 【B】固定月額報酬20万円+仲介…,100万円～2000万円
さんぎょうい株式会社 ,【転勤なし】 本社 東京都新宿区西新宿二丁目4番1号 新宿NSビル6階 【アクセス】 JR線・京王…,月給20万円〜26万円 + 賞与年2回 ※マネジメントクラス採用の場合は26万円以上も可能です。 ※経験等を…,310万円～550万円
ジェントス株式会社 ,【本社】 東京都台東区池之端2-9-7　日殖ビル5F 《アクセス》 東京メトロ千代田線「根津駅」よ…,月給25万円〜35万円 ＋賞与年2回 ※経験・職歴・年齢・前職給与等を考慮し、面談の上、決定します。 ※月…,350万円～550万円
株式会社manebi ,★原則リモートワーク！ ★「神保町駅」「九段下駅」「水道橋駅」より好アクセス！ ★転勤なし ≪住所…,月給41万円〜 ※経験やスキルを考慮した上で決定します。 ※試用期間3ヵ月あり（期間中の条件に変更なし…,初年度年収のデータなし
ForeVision株式会社 ,★転勤なし 東京都中央区築地 5-6-10 浜離宮パークサイドプレイス 15階 ＜アクセス＞ 都営…,【月給】42万5000円〜 ※経験・年齢・スキルなどを考慮の上、当社規定により決定いたします。 ※上記月給…,600万円～800万円
株式会社スキルコネクト ,★転勤なし！ ★池袋駅より徒歩3分！ 【東京本社】 東京都豊島区西池袋1-44-3 栄成ビル6階,〈月給〉24万円〜35万円+インセンティブ ※試用期間3ヶ月あり（条件変更なし） 【インセンティブで成果…,300万円～700万円
株式会社ネクスコ東日本トラスティ ,【U・Iターン歓迎】本社／東京都港区東新橋2-3-17 MOMENTO SHIODOME 6F 各…,月給20万円以上＋諸手当(都市手当、住宅補助、扶養手当等別途支給)＋賞与年2回(前年度実績本給×4.45か月…,初年度年収のデータなし
株式会社Acroネットワーク ,広島県福山市王子町2-4-10 ※転勤なし ※マイカー通勤可,"月給：220,000円〜250,000円 ＋諸手当 ※上記はあくまでも最低保証です ※年齢、経験、能力を考慮の上、…",300万円～400万円
淀屋橋税理士法人 ,【北浜駅から徒歩2分の好立地／転勤なし！】 大阪府大阪市中央区北浜1-1-9 ハウザー北浜ビル5F,◆経験者／ 月給24万円〜＋諸手当＋賞与年3回（平均4ヶ月分） ◆未経験／ 月給19万円〜＋諸手当＋賞与年…,320万円～500万円
藤田螺子工業株式会社 ,豊田事業所：愛知県豊田市吉原町平子26（*自動車通勤OK）,月給20万2800円以上 ※あなたの経験・年齢等を考慮の上、優遇します。,300万円～400万円
株式会社ディヴァイスプロモーション ,【「大阪」「東京」にて同時募集中！】 ★転勤なし／U・Iターン歓迎 ◆大阪本社／大阪府大阪市中央区…,◆月給21万5300円以上 《モデル年収例》 年収450万円（29歳・経験4年／月給27万円+賞与） 年収520万円（…,初年度年収のデータなし
株式会社グランドファンク ,【転勤なし／リモートワーク可／「白金台駅」徒歩3分】 東京都港区白金台4-16-7,"月給200,000円以上 + インセンティブ ※利益の10%をインセンティブとして支給します！ ※試用期間6か月…",400万円～500万円
朝日税理士法人 ,《転勤なし》千代田区【永田町事務所】または、世田谷区【用賀事務所】 【永田町事務所】東京都千代田区…,月給30万円〜80万円 ※経験・能力により優遇いたします。 ※試用期間3ヶ月（同条件）,550万円～1000万円
藤田螺子工業株式会社 ,豊田事業所：愛知県豊田市吉原町平子26（＊自動車通勤可）,月給20万2800円以上 ※経験・年齢等を考慮の上、優遇致します。 ※試用期間3か月、試用期間中の待遇変更…,300万円～400万円
株式会社ネクソン ,【転勤なし！『六本木一丁目駅』直結☆】 東京都港区六本木1-4-5 アークヒルズサウスタワー 〈ア…,月給19万6000円〜27万円　＋賞与2回 ※経験・年齢を考慮のうえ、決定します。 ※見込み残業20時間分相当…,350万円～480万円
Baicells Japan株式会社 ,"《転勤なし／代々木駅より徒歩3分》 東京都渋谷区代々木1-21-12,ヤマノ26ビル 4階 〜アク…",月給45万円〜90万円＋賞与年2回＋諸手当 ＼前職給与よりUPを確約／ ※経験・能力を考慮の上、決定いたし…,600万円～1200万円
株式会社協同システム設計 ,【転勤ナシ／マイカー通勤OK】 本社／大分県大分市畑中二丁目8番55号 ★去年9月に完成したばかり…,月給／20万円〜30万円　＋諸手当 【モデル月収】 28万円（30歳　主任クラス　残業20時間／月） ※年齢…,初年度年収のデータなし
みかど協和株式会社 ,【マイカー通勤OK！ 千葉駅から車で30分・土気駅から車で10分】 【本社】 千葉市緑区大野台1丁…,月給：25万4000円〜32万4000万円 ＋手当、賞与等 ※経験・年齢を考慮の上、当社規定により優遇します。 …,350万円～500万円
MYLAPS Japan株式会社 ,★転勤なし ★渋谷駅より徒歩8分！ ★表参道駅・代官山駅も徒歩圏内！ 東京都渋谷区東1-4-23　…,〈月給〉24万円〜28万円 ※経験・スキルを最大限に考慮のうえ決定します。 ※試用期間3〜6ヶ月あり。期…,初年度年収のデータなし
株式会社KDS ,【本社】 兵庫県神戸市中央区磯辺通3‐1-2 大和地所三宮ビル703F ※2020年10月に移転し…,月給25万円〜35万円 ※経験や能力を考慮した上で、当社規程により優遇します。 ※上記には、みなし残業手…,300万円～420万円
株式会社ジャスティープラント ,【転勤はありません 】 福岡県福岡市中央区薬院1-14-25　つるやビル201 ★自転車通勤ＯＫ！…,月給：23万円〜35万円 + 諸手当 ※上記はあくまで最低保証額です。 　年齢、経験、能力を考慮の上、優遇…,初年度年収のデータなし
三和電子株式会社 ,★転勤なし ★配属は希望を考慮 東京都・神奈川県のいずれかに配属となります。 【本社】 東京都千代…,【経験者】 月給25万円〜36万円＋各種手当 ※その他、経験・能力等を考慮し話し合いの上、決定します。 …,初年度年収のデータなし
株式会社アイエスエフネット ,【転勤なし／UIターン歓迎】 希望に応じて、広島支店または広島市内中心の各プロジェクト先へ配属しま…,"月給 250,000円 〜 400,000円＋諸手当 ※経験・スキルを考慮して決定します ※月給には月19〜21時間分の…",300万円～500万円
株式会社ネクソン ,【転勤なし！『六本木一丁目駅』直結☆】 東京都港区六本木1-4-5 アークヒルズサウスタワー 〈ア…,"月給25万9,000円〜　＋賞与2回 ※経験・年齢を考慮のうえ、決定します。 ※見込み残業20時間分相当の業務…",400万円～600万円
株式会社ストリームメディアコーポレーション ,★転勤なし ★『六本木一丁目駅』直結のグランドタワー勤務 ★リモートワーク実施中 ◆本社 東京都港…,◆月給30万円〜60万円 ☆前職の給料を最大限に考慮します！ ※上記月給には月40時間分の見込残業代含(75…,360万円～700万円
パーソルテクノロジースタッフ株式会社 ,新宿本社または首都圏エリア（東京、神奈川、千葉、埼玉）の各クライアント先での勤務となります。 ★都…,月給23万6000円〜＋賞与年2回＋各種手当など ※経験・能力に応じて決定します ※残業代別途全額支給しま…,初年度年収のデータなし
上海中和軟件有限公司 ,★転勤なし ★U・Iターン歓迎 ★テレワーク実施中 ◆全国(東京23区、神奈川県横浜市、愛知県名古…,年俸：540万円〜1200万円 ※年俸額の1/12を毎月支給（月額45万円〜100万円） ※経験・スキル・年齢を考慮…,540万円～1200万円
パーソルテクノロジースタッフ株式会社 ,新宿本社または首都圏エリア（東京、神奈川、千葉、埼玉）の各クライアント先での勤務となります。 ★都…,月給23万6000円〜＋賞与年2回＋各種手当など ※経験・能力に応じて決定します ※残業代別途全額支給しま…,初年度年収のデータなし
株式会社 askme ,【転勤なし！駅チカでアクセス抜群♪】 大阪または東京での勤務となります ※勤務先は希望に応じます…,◆月給23万円以上＋諸手当 ※経験・スキル・前職の給与を考慮し、決定します ※3ヶ月の試用期間がありま…,300万円～550万円
有限会社西牧通信 ,【転勤なし／UIターン歓迎／直行直帰】 本社：東京都調布市多摩川3-67-10 ★担当する現場は……,月給25万円〜30万円 【モデル年収】 月収30万円／26歳 月収40万円／30歳 ※年に2回給与査定あり。 スキ…,350万円～450万円
株式会社アクティブフュージョンズ ,★リモートワーク・時差通勤を推奨！U・Iターン歓迎。 大阪府内または一都三県(東京・神奈川・千葉・…,月給26万円〜50万円＋賞与（年2回）＋各種手当 ★月収想定：31万円〜56万円 ※試用期間3ヶ月（同条件） …,400万円～650万円
株式会社ラッシュジャパン ,《転勤なし》 【本社】神奈川県愛甲郡愛川町中津4027-3 ※送迎バス有 ※車・自転車通勤可能 ＜…,【管理職】年俸500万円以上 【スタッフ】年俸350万円以上 ※年俸額の1/12（管理職41万6700円以上、スタ…,350万円～600万円
朝日税理士法人 ,世田谷区【用賀事務所】 【用賀事務所】東京都世田谷区玉川台2-3-20　第5YNビル2階 田園都市…,月給27万円〜40万円 ※経験・能力により優遇いたします。 ※試用期間３カ月（同条件）,400万円～600万円
株式会社AZGRAPH ,全国どこでも勤務可能。 研修後、リモートワークとなります。 ★本社で勤務することも可能ですので、…,月給20万〜40万円 ※あなたの年齢、経験、能力などを考慮した上で、 　当社の規定により優遇します。 ★…,300万円～500万円
株式会社ロマック ,《駅徒歩約5分でアクセス良好！》 【神奈川／東京／埼玉いずれかの支店に配属します】 ※本人の希望を…,月給18万円〜30万円＋各種手当＋賞与年2回（前年度実績:1〜最大4ヵ月分） ※経験・年齢・能力等を考慮し…,250万円～450万円
公益財団法人 日本数学検定協会 ,【本部】 東京都台東区上野5-1-1　文昌堂ビル6階 《アクセス》 JR・東京メトロ日比谷線「秋葉…,"月給21万5,000円〜25万3,000円 ＋諸手当 ＋賞与年2回 ※年齢・スキルに応じて当協会規程により決定いたし…",340万円～420万円
株式会社日立リアルエステートパートナーズ ,★U/Iターン歓迎！ 千葉県茂原市早野2648番地1,"月給：217,000円〜 ※上記は2021年大卒新卒初任給実績となります。 ※給与につきましては、年齢・経験な…",400万円～450万円
日新興業株式会社 ,複数路線が通る神田駅スグの好立地！ ▼所在地 東京都千代田区神田須田町1-26-5 ▼アクセス 銀…,"月給201,500円〜＋賞与年2回（昨年実績4.5か月分） ※上記はあくまでも新卒の最低保証金額です。 ※経験…",300万円～500万円
三共商事株式会社 ,北関東営業所・埼玉営業所・神奈川営業所のいずれか ※あなたの希望を優先します。 ※転勤はありません…,月給25万円〜35万円（試用期間3ヶ月／待遇に変更はありません） ※経験・年齢を考慮の上、当社規定により…,350万円～450万円
株式会社EMD ,＜在宅勤務でも東北支社勤務でもOK＞ ◎転勤なし ◎マイカー通勤OK（一部条件あり） ◎U・Iター…,月給22万円〜80万円+賞与【 年2回／昨年度実績：5ヶ月分 】 ※経験・能力を考慮の上、決定します。 ※通…,320万円～700万円
GMOペパボ株式会社 ,リモートワーク（国内居住地不問）または会社が指定したオフィスとなります。 【下記、指定オフィス】…,■月給22万9千円＋リモートワーク手当3.5千円 ※経験、能力を考慮のうえ、決定します。,初年度年収のデータなし
株式会社国際マイクロ写真工業社 ,【転勤なし／「牛込神楽坂駅」徒歩１分】 東京都新宿区箪笥町4番地３,"月給 224,567円以上 ＋ 諸手当 + 賞与年２回 ※経験・年齢等を考慮の上、決定します。 ※研修・試用期間…",初年度年収のデータなし
テルウェル東日本株式会社 ,【都内5拠点で募集中】 ☆各拠点とも駅近！ ☆NTTグループ某大手企業 ☆希望を考慮し決定します…,月給20万円〜 ＋ 残業代全額支給 ＋ 諸手当 ※試用期間3カ月あり。条件は変わりません。 　その後、最長…,初年度年収のデータなし
大成エンジニアリング株式会社 ,【交通費全額支給・転勤なし・UIターン歓迎】 ★配属先はご希望を考慮 ★「駅チカ」のオフィス ★在…,"■月給31万3,500円〜61万3,900円 ＋賞与3回 ※能力や経験、前職給与などを最大限考慮したします",500万円～900万円
株式会社BuySell Technologies ,★転勤なし！ ★新宿御苑前駅／四谷三丁目駅より徒歩6分！ ★新宿駅も徒歩圏内♪ 〈本社〉 東京都新…,〈年俸制〉300万円〜450万円（月額換算：25万円〜37万5000円） ※スキル・経験を最大限考慮の上、決定し…,300万円～450万円
株式会社リンクスクエア ,【転勤なし／U・Iターン歓迎】 ■本社(仙台駅近く)で自社内開発 ■仙台駅周辺、仙台市近郊、東京都…,"月給23万円〜 ※あなたの経験・年齢を考慮し、当社規定により優遇します。 ※固定残業代(30時間分/40,00…",300万円～450万円
株式会社アラカン ,【 関西〜中国エリアを担当 ／ 直行直帰＋出社義務なし】 大阪・兵庫・京都・滋賀・奈良・和歌山・岡…,月給25万円〜50万円 ※経験・スキル・年齢を考慮の上、決定します。 ※試用期間3ヶ月（待遇に変動なし） …,300万円～600万円
株式会社朝日出版社 ,◆◇ 「九段下駅」「神保町駅」「水道橋駅」の3駅が利用できる好立地です ◇◆ 本社（東京都千代田区…,月給23万円以上 ※経験、能力を考慮の上、弊社規定により優遇いたします。 ※試用期間1ヶ月はアルバイト…,初年度年収のデータなし
株式会社ドリームジャック ,【クライアント先常駐・自社内開発・リモートワーク（テレワーク）も可能！】※希望に応じて東京都・大阪…,"◇月給30万円〜50万円 ※固定残業代（4万1,000円〜6万8,500円、20時間相当分）含む。 　20時間超過分は…",420万円～600万円
株式会社ストリームグラフ ,★転勤なし ★代々木公園駅／代々木八幡駅より徒歩3分！ 【東京都渋谷区の当社オフィスに勤務】 ⇒有…,〈年俸〉400万円以上（月額換算33.3万円以上）＋インセンティブ ※経験・スキルを最大限考慮のうえ決定…,400万円～500万円
株式会社ベネス ,★リモートワーク！『おうちで開発』しましょう★ 働き方についてご相談ください！ WEB面接により、…,【月給】 25万円〜35万円 ※経験・スキル・能力を評価し総合的に判断いたします,350万円～500万円
株式会社エストコーポレーション ,【オシャレな本社オフィスで働ける♪】 ※西宮北口駅より徒歩8分の好立地 ◆本社／兵庫県西宮市北昭和…,◆月給：月給20〜25万円 ※試用期間3ヶ月間【試用期間中は月給20万円】 ※経験・スキルを考慮の上、当社…,300万円～400万円
日本コンセントリクス株式会社 ,★転勤なし ★全国どこでも働ける【完全在宅勤務です】 【事業所一覧】 《北海道》 札幌市・旭川市…,【東京23区内で勤務する方】月給28.7万円〜 【東京23区外で勤務する方】月給25.2万円〜 ※経験・能力・…,300万円～400万円
株式会社ＯＮＥ ,◆東京本社／東京都新宿区新宿4-3-25 TOKYU REIT新宿ビル4階 ※「新宿三丁目駅」E5…,未経験（経験が浅い方） 月給23万円〜 経験者 月給30万円〜 月給23万円〜：みなし残業代45時間分／5.9…,300万円～1000万円
廣瀬無線電機株式会社 ,★「秋葉原駅」徒歩3分 ★時差出勤・テレワーク実施中 本社／東京都千代田区外神田1丁目10番5号…,月給22万円〜30万円＋諸手当＋賞与年2回（3.4カ月分） ※経験・能力を考慮の上、決定します。 ※試用期…,300万円～500万円
visible株式会社 ,東京都港区港南 ◆最寄り駅／りんかい線「天王洲アイル」駅 【本社】 神奈川県横浜市都筑区南山田町4…,月給（初任給）20万円〜35万円＋諸手当 ※経験・資格等を考慮し決定,初年度年収のデータなし
ハイアットGCCジャパン合同会社 ,在宅勤務となります。 新宿オフィス 東京都新宿区西新宿1-4-11全研ビル　SPACES新宿9階…,"月給278,000円〜 ＋ 交通費 ＋ シフト手当 ＋ 食事手当 ※TOEIC(R)テスト800点以上の方は、「語学手当」…",300万円～400万円
株式会社ストリームメディアコーポレーション ,★転勤なし ★『六本木一丁目駅』直結のグランドタワー勤務 ★リモートワーク実施中 ◆本社 東京都港…,◆月給25万円〜40万円 ☆前職の給料を最大限に考慮します！ ※上記月給には月40時間分の見込残業代含(55…,330万円～550万円
株式会社アイ・ディー・エー ,◎富山県、長野県、埼玉県、栃木県等の各現場 《拠点一覧》 本社/高崎市 ＩＣＴ研究センター/栃木県…,◎月給28万円〜46万円＋各種手当 ※年齢・経験・能力を考慮し、弊社規定により決定いたします。 ※試…,450万円～750万円
株式会社ガリレオ ,【東京オフィス】 東京都豊島区巣鴨1-24-1 第3グロビスビル4階 ★『巣鴨駅』徒歩4分,月給20万円〜27万円 ※経験・スキル・前職給与を考慮し決定 ※別途通勤手当・残業手当支給 ※試用期間6ヶ…,280万円～400万円
宮本博子税理士事務所 ,※転勤はありません※ 東京都目黒区洗足1-11-6 《アクセス》 東急目黒線「西小山駅」より徒歩5分,"月給220,000円以上 ＋賞与年3回 ※残業代は別途支給します。 ※上記は最低保証額です。経験・能力・年齢…",400万円～600万円
ハイアットGCCジャパン合同会社 ,在宅勤務となります。 新宿オフィス 東京都新宿区西新宿1-4-11全研ビル　SPACES新宿9階…,"月給278,000円〜 ＋ 交通費 ＋ シフト手当 ＋ 食事手当 ※TOEIC(R)テスト800点以上の方は、「語学手当」…",300万円～400万円
株式会社ＯＮＥ ,≪転勤無し！「新宿駅」「新宿三丁目駅」から歩いてすぐ！≫ 東京都新宿区新宿4-3-25 TOKYU…,月給22万円以上 ※経験やスキルを十分に考慮し優遇します。 ※試用期間6ヶ月間は給与・待遇変動なし。 …,250万円～300万円
株式会社 Step House ,■東京都渋谷区渋谷2丁目-1-12 VORT AOYAMA 2 7F 【アクセス】 JR山手線他『…,■経験者：月給35万〜45万円 ☆月給45万円以上も可能！ ※ご経験・前職の給与等を考慮して決定します。 …,500万円～700万円
株式会社C2M ,◆株式会社C2M／東京都渋谷区広尾1-3-18　広尾オフィスビル3F ※転勤はありません。 ※リモ…,月給30万円〜50万円＋業績賞与＋諸手当（残業手当など） ※経験・スキル・能力・意欲を考慮して優遇しま…,400万円～600万円
株式会社ストリームメディアコーポレーション ,★転勤なし ★『六本木一丁目駅』直結のグランドタワー勤務 ★リモートワーク実施中 ◆本社 東京都港…,◆月給30万円〜60万円 ☆前職の給料を最大限に考慮します！ ※上記月給には月40時間分の見込残業代含(75…,360万円～700万円
株式会社ビッグウイング ,本社(大阪)ならびに関東営業所(神奈川)で同時募集！ 【希望以外の転勤なし／最寄り駅から徒歩10分…,月給24万〜28万円 + 諸手当 + 賞与年2回 ※年齢・経験・スキルを十分考慮の上、当社規定により優遇いたし…,初年度年収のデータなし
株式会社ベル建築研究所 ,【転勤なし／U・Iターン歓迎】 東京本社 東京都杉並区阿佐谷南3-31-14 モリタビルディング2…,【東京本社】 月給22万円〜55万円 ＋ 時間外手当 ＋資格手当 【福岡支社】 月給35万円〜70万円 ＋ 時間…,310万円～770万円
株式会社i-NOS ,【UIターン歓迎／WEB面接もOK／面接基本1回】 首都圏（東京都、千葉県、埼玉県、神奈川県）のプ…,月給24万円以上＋残業代全額支給＋技能手当＋賞与年2回 ※情報技術者資格をお持ちの方は、ランクにより最…,350万円～518万円
株式会社不動金属工業所 ,◎在宅勤務をメインとして、打ち合わせがあるときには関東エリアのお客さま先に直行直帰です ＜勤務地に…,"【未経験者の場合】 ◆月給：22万5,000円以上＋諸手当 【経験者の場合】 ◆月給：25万円以上＋諸手当 …",350万円～600万円
株式会社テラソフト ,【2020年12月に新オフィスへ移転！】 本社(水戸市)・東京センター(台東区)、または茨城、東京…,月給：30万円〜60万円　※前職給与を最大限考慮いたします！ ＜月収例＞ 月給：35万円（入社3年目・交通…,400万円～750万円
セコムトセック株式会社 ,【UIターン歓迎】 三重事業所／三重県三重郡朝日町大字縄生2121 ※マイカー通勤可能 ＼ 選べる…,月給：16万円〜 + 各種手当 ＋ 賞与年2回 【年収例】 400万円（入社1年目／30歳／業界・職種未経験者） …,初年度年収のデータなし
株式会社Clans ,【転勤なし／渋谷勤務！／リモートワークOK！】 ★東京でスグ勤務できる方、歓迎！ 本社／東京都渋谷…,月給25万円以上 ※能力・経験を考慮の上、決定いたします。 ※上記には、固定残業代（5万9600円〜、40時…,300万円～400万円
株式会社DEGICA ,【吉祥寺駅チカ徒歩7分！リモートワークも実施中】 東京都武蔵野市吉祥寺本町2丁目5番10号 いちご…,月給50万円以上+諸手当 ※経験・スキルなどを考慮し、決定いたします。 ※試用期間3ヶ月あり（その間の…,600万円～800万円
株式会社エンシア ,アクセス抜群！『西新宿駅』徒歩2分／『新宿駅』徒歩8分 ＊転勤はありません。 【本社】 東京都新宿…,月給:21万円〜＋インセンティブ＋各種手当 ※経験・スキルを考慮して決定します。 ※固定残業代（月30時…,270万円～350万円
株式会社メック ,＊アクセス抜群！『水道橋駅』徒歩2分＊ ☆転勤はありません ☆時差出勤導入 ☆テレワーク応相談 【…,月給:25万円〜35万円 ＋ 各種手当 ＋ 賞与2回（昨年実績3カ月分）＋決算賞与（※業績による） ※年齢、…,350万円～500万円
株式会社アレグロマジック ,大阪本社／ 大阪府大阪市中央区南久宝寺町2-6-7 SOUTENビル 4F 【交通アクセス】 地下…,月給40万円以上＋諸手当＋賞与年2回 ※経験、能力などを考慮の上、規定により決定します ※試用期間最大…,480万円～600万円
株式会社アレグロマジック ,【「赤坂駅」より徒歩2分！その他複数路線利用可能な好立地】 東京支社／東京都港区赤坂2-14-5…,◆経験者：月給40万円以上＋諸手当＋賞与年2回 ◆未経験：月給28万円以上＋諸手当＋賞与年2回 ※経験、…,350万円～600万円
株式会社MADO ,＜地下鉄：呉服町駅から１分！転勤なし＞ 福岡市博多区店屋町８-27 goodoffice呉服町 ４…,月給／22万円〜26万円＋諸手当 ※年齢、経験、能力を考慮の上、優遇します。 ※待遇条件の詳細について…,初年度年収のデータなし
株式会社T2Lab ,★初台駅より徒歩5分／新宿駅も徒歩圏内！ ★転勤なし！ 〈西新宿オフィス〉 東京都新宿区西新宿3-…,"〈月給〉250,000円 〜 420,000円 ※経験・スキルを最大限に考慮して優遇します。 ※試用期間3ヶ月あり。…",340万円～640万円
株式会社ユビレジ ,東京本社 〒151-0051 東京都渋谷区千駄ヶ谷3-59-4 クエストコート原宿 ※リモートワー…,"月給　　　：291,667円〜458,334円 基本給　　：252,674円〜397,059円 固定残業代：38,993円〜61,275円 …",350万円～550万円
株式会社ランド ,大阪府堺市西区鳳東町7-822　光大ビル303号 ⇒JR阪和線「鳳駅」徒歩6分 ※マイカー通勤応相談,実務経験あり：月給25万円〜45万円 実務経験なし：月給20万円〜35万円 ※上記には、固定残業代として 実…,315万円～710万円
株式会社アドウェイズ・フロンティア ,本社：札幌市中央区大通西6丁目10-1 大通西6ビル6階 ※転勤はありません。 ※新型コロナウイル…,月給：16万円〜24万円 ※試用期間3ヶ月あり（同条件） ※上記金額には固定残業代2万2000円〜3万3000円…,192万円～288万円
株式会社ブレーンネット ,【「京都市役所前」駅より徒歩3分のオフィス】 京都市中京区寺町通り御池上る上本能寺前町474 日宝…,月給25万円〜35万円 (一律手当含む) ※経験・年齢・能力を考慮し、当社規定により決定します。 ※試用期…,350万円～500万円
トライアロー株式会社 ,近畿一円（大阪・兵庫・京都・滋賀）の各プロジェクト先 ※居住地と希望勤務地を考慮します。 ※転居を…,月給26万円〜42万円 ※経験、スキルを考慮の上、当社規定により決定します。 ※上記には固定残業代（3万3…,420万円～600万円
株式会社ICSソリューションズ ,★本町駅から徒歩2分！駅チカでキレイなオフィス★ U・Iターン歓迎！ 本社／大阪府大阪市中央区本町…,◇月給18万5000円〜26万7000円＋各種手当＋賞与年2回 試用期間について ・3〜6ヶ月の試用期間があります…,300万円～400万円
株式会社GA INC ,【転勤なし／アクセス◎】 ☆リモートワークも導入！ 東京都港区赤坂9丁目5番15号 〜アクセス〜…,◆年俸制400万円以上 ※経験、能力などを考慮し、決定いたします。 ※試用期間3ヶ月あり。（期間中、待…,400万円～800万円
株式会社キーワーズ・インターナショナル ,★転勤なし ★九段下駅から徒歩6分の好立地です！ ★一時的に在宅勤務、テレワークも可能です。 東京…,年俸600万円〜800万円 月収例：50万円〜67万円 ※あなたの経験・スキルを考慮して決定いたします。 イン…,600万円～800万円
株式会社アディコム ,＊---アクセス抜群！『大宮駅』徒歩5分---＊ 【本社】 埼玉県さいたま市大宮区下町2-18　T…,"月給:254,766円〜 ※スキル・経験を考慮して、当社規定により決定します。 ※みなし残業代（月45時間分…",300万円～400万円
株式会社メイツ中国 ,《U・Iターン歓迎！》 ■広島本社 広島県広島市中区胡町4-21 朝日生命広島胡町ビル ◎「胡町駅…,月給22万円 〜 30万円 +諸手当＋賞与年2回 ※経験を考慮の上、当社規定により優遇いたします。 ※試用期…,350万円～450万円
安藤株式会社 ,大阪府大阪市西区新町4-9-20 【アクセス】 Osaka Metro千日前線・長堀鶴見緑地線「西…,"月給220,000円以上 ※上記給与には固定残業代を含む（月20時間分／25,000円※超過分は別途支給） ※残業…",初年度年収のデータなし
株式会社イズマサ ,≪転勤なし／マイカー通勤ＯＫ≫ 福岡支店／福岡市東区箱崎ふ頭5-8-26 ※U・Ｉターン歓迎 ※研…,月給23万円〜27万円　+　諸手当 ※上記はあくまで最低保証額です。年齢、経験、能力を考慮の上、優遇し…,初年度年収のデータなし
日本コンセントリクス株式会社 ,★転勤なし ★天神駅徒歩11分＆中洲川端駅直結の好立地！ 【勤務地詳細】 福岡県福岡市博多区上川端…,月給／24万7200円〜 + シフト手当 + 残業手当 ※経験・能力・スキル等を考慮し、決定します。 ※試用（…,初年度年収のデータなし
住友生命保険相互会社 ,＼赤羽駅から徒歩1分／ 【住友生命保険相互会社　東京北支社　新都北支部】 東京都北区赤羽西1-7-…,月給 23万〜35万円 ※上記には固定残業代【15時間相当額(2.7万円〜4.2万円)】が含まれます ※15時間を超…,初年度年収のデータなし
金田会計事務所 ,◎転勤なし！ ◎Osaka Metro「本町」駅より徒歩4分 《住所》大阪府大阪市中央区安土町3-…,月給23万円〜35万円（一律手当）＋ 諸手当 ＋ 賞与（年2回） ※経験・能力を考慮の上、 　当社規定によ…,初年度年収のデータなし
株式会社ドリームジャック ,【駅チカ！「西中島南方駅」「新大阪駅」 「南方駅」嬉しい3路線から通勤可能！】 ※直行直帰もOK！…,"月給27万円〜 ＋ 諸手当 ＋ インセンティブ ※上記は最低保証金額です ※固定残業代(20時間相当、3万6,8…",初年度年収のデータなし
株式会社ICE ,【通勤手当（月3万まで）・転勤なし】 ★「池袋駅」徒歩3分 ★営業交通費は全額支給 ■本社／東京都…,■月給24万円〜50万円 ※経験や能力を考慮して決定します ※みなし残業手当（30時間分・4万円〜）を含む…,300万円～600万円
株式会社日本海事新聞社 ,★「新橋」「汐留」「御成門」「大門」の4駅からアクセス◎ ★賞与25年以上連続支給中 本社 東京都…,月給23万円〜 ＋賞与年2回(4ヵ月分／昨年度実績) ★経験・能力を考慮して優遇いたします。 ★時間外労働…,350万円～450万円
株式会社リクルート北関東マーケティング ,◎勤務地は希望を考慮して決定いたします。 ◎転勤なし ■スーモカウンター注文住宅 イオンモール太田…,月給21万7585円以上 ＊＊＊ ※経験・スキル・年齢を考慮の上、決定します。 ※原則として入社後6カ月間…,300万円～350万円
株式会社重松商事 ,【転勤なし／直行直帰もOK！】 本社／東京都港区赤坂2-12-21　ディアシティ赤坂西館5階 ※ク…,月給25万円〜30万円＋賞与年最大3回＋諸手当 ※経験・年齢・前職給与を考慮の上、当社規定により優遇しま…,350万円～500万円
株式会社リクルート北関東マーケティング ,群馬(高崎/太田)・栃木(宇都宮)・茨城(水戸/つくば)・新潟(新潟)のいずれかの各拠点 ※将来的…,"月給23万9,470円以上 + 達成インセンティブ ★未経験でも高収入スタート！ --------------------------…",350万円～450万円
株式会社コネクテッド ,【リモートワーク！】【転勤なし】【直行・直帰可】 ※ノートPC(リモート用ツール導入済)と社用携帯…,月給25万円〜50万円＋決算賞与(業績により支給) ※経験・スキルを考慮のうえ、決定します ※固定残業代5…,325万円～600万円
株式会社Globee ,◎ リモートワークでの勤務となります。 ◎ 転勤なし！ 【本社について】 ▽ 住所 東京都港区東麻…,月給22万円以上 ＋ 賞与年2回（基本給4ヶ月分）＋ 諸手当 ※ 経験・スキル・前職の給与などを考慮し、決…,350万円～399万円
株式会社Globee ,◎ リモートワーク推奨 ◎ 転勤なし 【本社について】 ▽ 住所 東京都港区東麻布1-7-3 第二…,月給24万円以上 ＋ 賞与年2回（基本給4ヶ月分）＋ 諸手当 ※ 経験・スキル・前職の給与などを考慮し、決…,360万円～600万円
株式会社コネクテッド ,【リモートワーク勤務！】【転勤なし】【直行・直帰可】 ※ノートPC(リモート用ツール導入済)と社用…,月給25万円〜50万円＋決算賞与(業績により支給) ※経験・スキルを考慮のうえ、決定します ※固定残業代5…,325万円～600万円
株式会社綜合デザイン ,【東京別館】 東京都渋谷区千駄ヶ谷5-10-9 更生保護会館2F ※転勤はありません,月給22万円以上 ※経験・能力などを考慮し決定します ※試用期間6ヶ月（期間中の給与・待遇に差異はあり…,300万円～400万円
株式会社Point ,＼＼地下鉄駅チカ・引越し費用補助／／ 北海道札幌市中央区南1条東3丁目10-6 TAISEIビル…,"月給／240,000円〜375,000円(残業代含めず) ※経験・年齢を考慮の上、当社規定により優遇いたします。 …",330万円～520万円
マース・アンド・コー・コンサルティング・ジャパン有限会社 ,東京都千代田区麹町1-7-25 フェルテ麹町ビル6F ※転勤なし ※プロジェクトに応じて、海外およ…,年棒制／年棒500万円〜 ※経験・能力を考慮の上、当社規定により決定します。 ※上記には、一律手当を含…,初年度年収のデータなし
有限会社林電気設備 ,【マイカー通勤可／交通費全額支給】 ★現場への直行直帰も可能です！ご相談ください。 調布営業所／東…,【経験者】月給30万円〜＋各種手当＋賞与 ※希望の給与や休みをぜひお聞かせください。 ※今までの経験を…,450万円～650万円
株式会社CYLOOK ,【転勤なし／駅近オフィス】 東京都港区六本木四丁目2-45 高會堂ビル2階 〜アクセス〜 ・各線『…,月給25万円〜50万円 ※経験・スキルなどを考慮のうえ、決定いたします。 ※固定残業代（25時間分／5万円…,300万円～650万円
株式会社レクストカスタマーサービス ,【大阪府】 大阪府大阪市東成区中本3-10-6 緑橋REGATEビル 【神奈川県】 神奈川県 横浜…,月給26万5000円以上＋賞与 【備考】 ※経験・能力により優遇します。 ※固定残業代（5万300円／40時間）…,350万円～420万円
株式会社クラウディオプログレス ,★転勤なし！ ★自分の好きな街で働きたい方やU・Iターンも特に歓迎します！ ★在宅勤務となりますの…,月給／30万円〜 ※経験・能力・スキル等を考慮し、決定します。 ※試用期間6ヶ月（期間中の待遇に変動な…,360万円～800万円
株式会社カーネルジャパン ,【転居を伴う転勤なし】 ◆東京または首都圏(千葉/神奈川/埼玉)の各プロジェクト先 ◎新宿オフィス…,月給18万円〜80万円 + 成果給 + 各種手当 ★頑張りに応じて随時昇給するシステム。 　新しいスキルをみ…,200万円～700万円
株式会社いつも. ,《＊転勤なし＊東京本社勤務》 東京都千代田区有楽町1-12-1 新有楽町ビル7階 ≪アクセス≫ J…,月給：25万円〜36万円＋賞与2回 ※固定残業代を含む ※経験・能力を考慮の上、決定します。 固定残業代…,350万円～500万円
日本ダグラスラボラトリーズ株式会社 ,【転勤なし／U・Iターン歓迎】 ◆東京本社／東京都港区台場2-3-2 台場フロンティアビル2階 ※…,"月給25万5,000円＋資格手当 ※当社規定の資格保有により決定いたします。 ※試用期間6ヶ月あり（期間中の…",300万円～500万円
株式会社IKIDANE ,【在宅勤務】または【東京都内の宿泊施設】 ※転居を伴う転勤はありません。 ＜現地勤務予定地＞ ・浅…,月給23万円以上＋賞与（年２回） ※年齢、経験等を考慮の上、優遇いたします。 ※試用期間（3カ月）あり…,320万円～450万円
株式会社アックスコンサルティング ,《転勤なし／恵比寿駅よりすぐ》 ◎週2〜3日のペースでリモートワーク可能！ ◆東京本社／東京都渋谷…,月給25万円以上 *＼経験者は前職の給与を保証します／* ※経験・年齢・前給を考慮のうえ、当社規定によ…,350万円～500万円
株式会社Moff ,【転勤なし！】 ◎リモートワークで基本は取り組んでいただきます。 （出荷作業や在庫管理などで月4〜…,"月給：300,000円以上＋各種諸手当 ※これまででの経験やスキルを最大限考慮し、 　決定いたします。 ※月…",360万円～400万円
株式会社ルイーダアカデミー ,本社 〒101-0041 東京都千代田区神田須田町1-3-9　PMO神田万世橋8階 ◎リモートワー…,月給：23万円〜50万円 ※経験、年齢を考慮のうえ決定します。 ※固定残業代（3万円〜/月20時間分含む） …,300万円～500万円
旭トステム外装株式会社 ,【全国転勤有り】 長野県長野市、大阪府大阪市にあるいずれかの支店に配属。 ※各営業エリアへ直行直帰…,■月給 21万円〜 + 諸手当（時間外手当・交通費など） + 賞与 ※経験を考慮して、当社規定により優遇致…,400万円～550万円
オーディー株式会社 ,港区または江東区の拠点で活躍。 ※希望を考慮のうえ決定します。 【本社】 東京都港区西新橋2-22…,月給：20万円〜31万円 ＋ 各種手当 ※経験、年齢を考慮のうえ決定します。 ※収入UPを叶えた先輩多数！ …,300万円～500万円
ジェンスクリプトジャパン株式会社 ,＜神田駅徒歩5分・転勤なし・自社ビル＞ 本社／東京都千代田区神田東松下町48 ism神田4F ＜ア…,年俸600万円〜（各種一律手当含む） ※スキル・経験・年齢を考慮の上優遇します。 ※試用期間3カ月（待…,600万円～800万円
株式会社スマートプラネット ,【東京での募集】 ★リモートワーク導入中！ ★オープンオフィスで働けます 東京都港区港南2-16-…,月給30万円〜 ※経験・スキル・年齢を考慮の上、決定します。 ※試用期間3ヶ月（待遇に変動なし）,初年度年収のデータなし
HAIRCAMP株式会社 ,【転勤なし／「外苑前駅」徒歩2分／リモートワーク可】 東京都港区南青山2-22-2 KS南青山3F,月給23万円〜60万円+能力給+賞与+教育手当 ※年齢・経験・スキルなどを考慮の上、決定します。,300万円～700万円
株式会社グラングレス ,【リモートワーク】 ご自宅を拠点に効率よく営業活動できます。 【本社】 東京都渋谷区桜丘町26-1…,月給25万円以上＋毎月のインセンティブ+賞与年2回 ※スキルや経験を考慮の上、決定します ※試用期間は…,400万円～700万円
ＣＭＡ株式会社 ,【 リモート勤務 】 ※全国どこでもOK ※在宅によるリモートワークが基本となります。 必要時ユー…,月給25万円〜55万円 ※経験・年齢を考慮し当社規定で優遇いたします。 ※試用期間は2ヶ月あります。（待…,350万円～700万円
株式会社IKIDANE ,【本社】 東京都港区高輪4-23-5　品川ステーションビル 10階,月給27万円〜45万円＋賞与（年2回） ※年齢、経験等を考慮の上、優遇いたします。 ※試用期間（3カ月）あ…,350万円～650万円
株式会社SJP ,【転勤なし／「渋谷・原宿・表参道」近くのオフィス】 東京都渋谷区神宮前5丁目42-17-102 【…,月給23万〜40万円 ※経験・能力・スキルを加味して、前給考慮の上、会社規定により決定します。 ※試用…,300万円～500万円
株式会社イロタス ,★直行直帰OK ★転勤はありません 【本社】 東京都千代田区岩本町3-7-13 早川ビル1階 【ア…,"月給25万円〜30万円 ※経験・能力を考慮の上、当社規定により決定します。 ※上記には月30時間分（4万7,…",300万円～550万円
ウィルメディア株式会社 ,東京都港区新橋2丁目12番1号　ランディック第3新橋ビル7F ◎状況に合わせてリモートワークも可能…,月給30〜50万円＋決算賞与年1回＋交通費（上限5万円/月） ※経験・スキル等を考慮し面談の上、決定いた…,400万円～600万円
株式会社KEIアドバンス ,★東京・九州での募集となります。いずれも駅チカ！★ 【東京本社】 東京都千代田区麹町3-2　ヒュー…,月給25万円以上 ＋ 時間外勤務手当全額支給 ※経験・能力を考慮して決定いたします。,400万円～550万円
株式会社ギャツビー ,本社：東京都港区西麻布3-2-1北辰ビル6F アクセス ・六本木駅より徒歩4分 ・千代田線乃木坂駅…,月給25万円〜 + 賞与年4回 ※業績・評価による ※経験・能力・前職条件に応じて決定。 ※試用期間6ヶ月…,300万円～450万円
株式会社アックスコンサルティング ,《転勤なし／恵比寿駅よりすぐ／ほぼフルリモートOK》 ◆東京本社／東京都渋谷区恵比寿1-19-15…,月給25万円以上 *＼経験者は前職の給与を保証します／* ※経験・年齢・前給を考慮のうえ、当社規定によ…,350万円～500万円
エル・エル・ビーン・インターナショナル ,日本支社 東京都武蔵野市吉祥寺南町1-16-3 【アクセス】 JR中央線「吉祥寺」駅徒歩2分 ※現…,年俸 400万円〜 ※経験・スキルを考慮の上、当社規定により優遇します。 ※月々1/12ずつ支給します。 ※…,初年度年収のデータなし
株式会社cocoloni ,【本社】 東京都港区赤坂9-7-1　ミッドタウンタワー23F ※コロナウイルス感染拡大に伴い、現在…,月給25万円〜33万円 ※前職での経験やスキルなどを考慮の上、月給を決定いたします。 ※上記金額にはみな…,初年度年収のデータなし
有限会社ソフトスタジオ ,＼転勤なし／＼UIターン歓迎／ ◇ 鹿児島県鹿児島市草牟田2丁目9-1 正栄ビル2F,月給18万6000円〜35万円 ＜モデル例＞ ・月収32万円（月給＋諸手当）／32歳 ・月収27万円（月給＋諸手…,初年度年収のデータなし
株式会社ライズテック ,《在宅勤務実施中！》本社またはプロジェクト先(東京都内中心)での勤務となります。 ◆本社／東京都中…,月給30万円〜45万円 ※経験やスキル、前職時の給与を考慮した上で決定します。 【モデル月収】 ・28歳／…,450万円～650万円
株式会社チーム・エムツー ,★転勤なし ★昨年8月に移転したばかりの綺麗なオフィスです ＜アクセス＞ 東京メトロ東西線・半蔵門…,月給28万円〜40万円（一律手当含む） ※試用期間3ヶ月（その間の待遇の変更なし）,350万円～600万円
株式会社チーム・エムツー ,★転勤なし ★昨年8月に移転したばかりの綺麗なオフィスです ＜アクセス＞ 東京メトロ東西線・半蔵門…,月給28万円以上（一律手当含む）＋実績給 ※試用期間3ヶ月（その間の待遇の変更なし） ※制作実績に応じ…,330万円～500万円
北話エンジニアリング株式会社 ,◆転勤なし！ 観法寺ビル：石川県金沢市観法寺町ろ11番地 ※マイカー通勤可／社員専用無料駐車場完備,"月給17万3,000円〜24万8,050円 ※年齢・経験・能力を考慮のうえ決定します 【モデル月収】 月収19万円／…",250万円～350万円
Network Engineering株式会社 ,◆転勤なし ◆UIターン歓迎 ■鹿児島県鹿児島市西千石町1-32 Wビルディング西千石町9階,月給19万円〜26万円（一律手当含む） ※経験・能力を考慮致します。 ※5ヶ月目から給与査定を随時実施（…,初年度年収のデータなし
株式会社EnjoyLifeCompany ,本社（福岡市）もしくは鹿児島支社（鹿児島市） ※転居を伴う転勤はありません ※マイカー・バイク・自…,月給20万円〜45万円＋インセンティブ＋賞与年2回 ※経験・能力を考慮して決定いたします ※上記には月40…,初年度年収のデータなし
株式会社インコス ,＜転居を伴う転勤はありません/テレワーク導入中！＞ ◆本社 東京都新宿区西新宿7-21-1新宿ロイ…,月給23万〜55万円 ※経験・能力を考慮の上、決定します。 ※試用期間3ヶ月あり/期間中月給：23万円〜（経…,270万円～320万円
株式会社西條設計コンサルタント ,【転勤なし/UIターン歓迎！マイカー通勤OK(無料駐車場あり)】 宮城県石巻市桃生町中津山字内八木…,<経験者> 月給21万円〜40万円 + 通勤手当＋資格手当＋役職手当+時間外手当 ※下限は経験年数2年以上の求…,250万円～600万円
株式会社グッピーズ ,★転勤なし ★新宿駅直結！ ★新宿駅より徒歩5分／都庁前駅より徒歩2分 〈東京本社〉 東京都新宿区…,〈月給〉25万円〜35万円 + 賞与年4回（インセンティブ） ※経験・能力等を最大限に考慮し、話し合いのう…,305万円～510万円
株式会社ストラテジックディシジョン ,【転勤なし／新橋駅直結ビルに勤務】 東京都港区新橋2-20-15　新橋駅前ビル1号館6階　ビズステ…,月給35万円〜40万円＋インセンティブ＋賞与 ※経験・スキル・年齢を考慮し、当社規定により決定します。…,450万円～1000万円
株式会社クオリア・リンクス ,★転勤なし★新オフィスに移転！ 本社／東京都中央区築地2丁目1番16号　STRADA GINZA…,"経験者：月給50万円以上＋諸手当（交通費全額支給、資格手当、報酬金制度など） 未経験者：月給19万5,00…",600万円～950万円
株式会社ECホールディングス ,【本社】 東京都目黒区青葉台3-1-19　青葉台石橋ビル6F ＊転居を伴う転勤はありません。,"月給25万円以上＋各種手当＋賞与 ※経験・スキルを考慮して決定します ※みなし残業代（30時間分/45,621…",350万円～450万円
株式会社HOIPOI ,【リモートワーク推進中です！】 【「横浜駅」きた西口から徒歩4分】 神奈川県横浜市神奈川区鶴屋町2…,"月給37万5,000円以上＋賞与年4ヶ月 ※経験、能力などを考慮したうえ、当社規定により優遇いたします ※…",600万円～800万円
さくら税理士法人 ,■茨木市西駅前町5-1　京都銀行茨木ビル5F ★ビルは駅チカでオフィス内は日本料亭をイメージした、…,■月給33万円以上+賞与3ヶ月分 ※経験・スキル・前職の給与等を考慮の上、決定します。,500万円～700万円
アーバンシステム株式会社 ,【転居を伴う転勤はありません！】 ★東京都内・埼玉県内を中心とした各物件へ直行直帰となります。 ■…,月給24万円以上＋各種インセンティブ+各種手当 ※経験・スキルにより考慮します。 ※固定残業代（6万円以…,350万円～460万円
株式会社AZEAL BRANDING ,★転勤なし／UIターン歓迎 【本社】 東京都渋谷区渋谷2-4-6　野村ビル2F ＜交通アクセス＞…,月給23万円以上＋インセンティブ＋達成金 ※経験・年齢を考慮の上、決定いたします。 ※試用期間1〜6ヵ月…,300万円～1000万円
岡本株式会社 ,【本社】 大阪府大阪市西区西本町1-11-9 ※転勤はありません。 ※U・Iターン歓迎します。 ※…,月給18万5000円〜27万7000円 ※能力や経験などを考慮して決定します。 ※17時45分以降残業した場合は、…,初年度年収のデータなし
株式会社創新社 ,★転勤なし ★リモートワーク(在宅勤務)実施中！ ★新橋駅・虎ノ門・内幸町より好アクセス！ 東京都…,◆月給25万円〜40万円＋諸手当＋賞与 ※経験・能力・前職給与を最大限考慮のうえ決定します。 ※上記金額…,400万円～600万円
税理士法人NEXPERT ,＜転勤なし ★駅チカ・アクセス良好★ スタイリッシュなNEWオフィス＞ ◎本社 東京都渋谷区神宮前…,■業界経験者：月給35万円〜75万円 ■その他（未経験者含む）：月給23万円〜45万円 ※経験・能力を考慮…,300万円～800万円
株式会社 Step House ,■東京都渋谷区渋谷2丁目-1-12 VORT AOYAMA 2 7F 【アクセス】 JR山手線他『…,■経験者：月給35万〜45万円 ☆月給45万円以上も可能！ ※ご経験・前職の給与等を考慮して決定します。,500万円～600万円
アミタホールディングス株式会社 ,本社：京都市中京区烏丸通押小路上ル秋野々町535番地 日土地京都ビル2階,"月給：32万円〜37万2,800円 ＜月給例＞ ・中規模企業での経理経験5年〜10年：月給320,000円 ・上場企業…",480万円～560万円
株式会社山蝶 ,【転勤なし／自社ビル／吉祥寺駅徒歩6分】 本社／東京都武蔵野市吉祥寺本町1丁目37番5号 山蝶ビル…,月給：30万円〜 + インセンティブ ※年齢・経験等を考慮し、当社規定により優遇します ※上記金額には固…,400万円～650万円
有限会社セラリンク ,※原則、100%リモートワークです。 ※プロジェクトの所在地は大阪市内を中心に、関西圏全域に渡りま…,月給21万円以上 ■経験者 経験・能力により優遇します（前職給以上を保証します）。,300万円～600万円
株式会社アレックス ,【本社】東京都北区西ケ原1-46-13 横河駒込ビル1F （アクセス） 東京メトロ「西ケ原駅」より…,経験者：月給25万円〜 未経験者：月給20万円〜 ※経験・年齢を考慮の上、当社規定により優遇します。 ※…,270万円～500万円
トライアロー株式会社 ,【 通勤可能範囲/転勤なし 】 名古屋市内、三河エリア(刈谷、豊田、岡崎、安城)、三重、岐阜 、静…,【 月給28万円以上＋残業手当＋その他手当 】 ※上記金額は月20時間分の 　固定残業代（月3万2000円以上…,380万円～600万円
株式会社経理チームみやざき ,★働き方が選べます！ 希望に応じて、リモートワークもできますし、 オフィス出社も可能です。 あなた…,月給25万円〜40万円 + 諸手当　 ※年齢、経験、能力を考慮の上、優遇します。 ※最長6ヶ月間の試用期間あ…,300万円～480万円
株式会社エース事務機 ,《★東京オフィスで積極採用！》《転勤なし！》《新橋駅徒歩5分》 東京都港区新橋2-12-7 労金新…,月給 25万円以上 ※経験・スキル等を考慮して当社規定により決定します。 ※試用期間：3ヶ月（待遇面の変…,400万円～750万円
MMPC税理士法人 ,【「伏見駅」より徒歩3分／転勤なし／住宅補助有 】 ●名古屋オフィス 愛知県名古屋市中区錦1-6-…,"月給222,000円〜＋各種手当＋賞与 ※経験やスキル、前職の給与を考慮し決定します。 ※上記は固定残業代…",350万円～550万円
レスポンス・コンテンツ・サーブ株式会社 ,★転勤なし★ 【本社】 東京都港区六本木7-14-23 ラウンドクロス六本木4F 〜交通アクセス〜…,月給：38万円〜＋賞与年2回 ※経験・能力・スキル等を考慮し、当社規定により決定します。 ※試用期間6…,490万円～550万円
株式会社プラセム ,＊--アクセス抜群！駅チカの職場『博多駅』徒歩6分--＊ 【本社】 福岡県福岡市博多区博多駅前3-…,月給:30万円以上 ＋ 各種手当 ＋ インセンティブ（案件数に応じて毎月支給） ※経験・年齢・能力を考慮…,400万円～700万円
株式会社アルファネット ,大阪市内を中心とした大阪・京都・兵庫のプロジェクト先 ※勤務先は、希望を考慮して決定します。 ※自…,月給23万8000円〜40万円＋各種手当＋残業代全額支給＋賞与（昨年4.5カ月分支給＋決算賞与） ※経験・能力…,400万円～620万円
アサヒオリオン飲料株式会社 ,【転勤なし／マイカー通勤OK】 沖縄県浦添市港川2丁目1番1号,"月給／155,000円〜167,500円 ＋ 諸手当 ※上記はあくまで最低保証額です。年齢、経験、能力を考慮の上、…",初年度年収のデータなし
株式会社アーシャルデザイン ,＜社員寮アリ/超人気リゾート地での研修制度＞ ◆東京23区を中心とした首都圏のプロジェクト先 ★希…,◆未経験者／月給22万円以上 ◆PG・SEの経験者／月給25万円以上 ※経験・スキルを考慮し決定します ※試…,300万円～600万円
アドメイク株式会社 ,＜在宅ワークのため全国で募集しております！＞ オフィス見学や業務見学をしたいという方は、 お気軽に…,＜登録料などの費用はゼロ！＞ 【完全出来高制】 □アポインセンティブ:1アポ獲得5000円 □受注インセン…,400万円～1200万円
株式会社NAACS ,【転居を伴う転勤はありません／テレワーク導入中！】 ◆本社 東京都港区浜松町2-2-15　浜松町ダ…,月給24万3281円〜50万円 ※上記金額には固定残業代（45時間分・6万3281円〜）を含みます。超過分は別途…,420万円～600万円
UDS株式会社 ,◎転勤なし ◎現在、週1〜4日の在宅勤務も実施中！ 本社／東京都渋谷区神宮前1-19-19 2F…,年俸制450万円〜600万円 ※経験・能力を考慮の上、当社規定により優遇します。 ※試用期間：3ヶ月(待遇…,450万円～600万円
株式会社アッカ・インターナショナル ,【ECファクトリー 厚木】 ★車、バイク、自転車通勤OK ★ECサイト「PAL CLOSET」での…,"月給210,000円以上＋ピアボーナス（最大約3万円）＋各種手当 ※経験や能力を考慮して決定。 ※月給には…",250万円～350万円
株式会社 askme ,【転勤なし！駅チカでアクセス抜群♪】 大阪または東京での勤務となります ※勤務先は希望に応じます…,【デザイナー】月給26万円〜 ＋ 交通費・残業代全額支給など + 賞与年2回 【アシスタントデザイナー】月…,初年度年収のデータなし
AGCアメニテック株式会社 ,★転勤なし★現在は週4日でリモートワーク（テレワーク・在宅勤務） 《アクセス》 ＊各線「上野駅」よ…,"月給210,000円〜268,000円　+各種手当+賞与年2回（4.7カ月分） ※前職・経験・年齢を考慮の上決定いたし…",391万円～686万円
東通インテグレート株式会社 ,【転勤なし／UIターン歓迎！】 ＜仙台本社＞ 宮城県仙台市若林区卸町2-11-5 ※マイカー通勤O…,月給：60万円〜80万円(一律手当含む) ※試用期間3ヵ月間は月給50万円〜70万円 ー◆経験、スキルを最大限…,初年度年収のデータなし
アンブリオリス・ジャパン株式会社 ,【転勤なし／週の半分はリモートワーク！】 本社／東京都渋谷区神南1−15−3神南プラザビル403…,月給20万円〜25万円 ※経験・年齢・能力を十分考慮のうえ、決定します。 ※試用期間3ヶ月あり。その間の…,240万円～300万円
ハリウッド株式会社 ,《駅近！六本木ヒルズ勤務で仕事帰りも充実♪》 東京都港区六本木6丁目4番1号ハリウッドビューティプ…,月給25〜30万円 ※年齢・経験・スキルを考慮して決定致します。 ※試用期間6ヶ月あり。その間は月給20万…,300万円～450万円
株式会社エイブリッジ ,沖縄県内：那覇市、浦添市、うるま市、嘉手納町、名護市 ※各プロジェクト先にて勤務となります。 ※希…,月給20万円〜45万円 ※年齢、経験、能力を考慮の上、優遇します。 ※待遇条件の詳細については、面接な…,初年度年収のデータなし
株式会社ヤマハミュージックジャパン ,東京都中央区日本橋箱崎町41-12,月給：24万6000円〜 ※年齢、経験、能力を考慮の上、優遇します。 ※別途、交通費を規程により支給します。,初年度年収のデータなし
株式会社ROC ,【転勤なし】 ■本社 兵庫県神戸市中央区磯上通4-1-14 三宮スカイビル807 《アクセス》 ・…,■未経験者／月給22万円〜 ■経験者／月給25万円〜 ※経験・年齢・能力を考慮の上決定します ※試用期間…,300万円～350万円
グッドコンサルティング株式会社 ,《転勤なし／「新宿駅」徒歩4分・「南新宿駅」徒歩3分》 【本社】 東京都渋谷区代々木2-23-1　…,月給24万円以上 ※経験・スキルにより給与を決定いたします。 ※上記金額には、みなし残業代（30時間分／…,初年度年収のデータなし
行政書士法人希 ,《姫路/千葉/北九州/仙台/秋田/青森/盛岡/和歌山の各オフィス※希望考慮》 姫路オフィス(兵庫県…,月給17万円〜25万円 ※経験・能力・年齢等を考慮の上、決定します,250万円～500万円
特許業務法人 朝日奈特許事務所 ,大阪府大阪市中央区谷町2丁目2番22号NSビル7F 【アクセス】 Osaka Metro・京阪「天…,月給21万円〜28万円 ※年齢・経験・能力等を考慮の上、決定します,初年度年収のデータなし
セバ・ジャパン株式会社 ,★転勤なし ★マイカー通勤OK ★鶴見駅よりバスで10分「理研・市大大学院前」で下車 ★ JR鶴見…,月給40万円〜50万円＋賞与年2回(昨年度実績4.5ヵ月分) ※経験・能力などを考慮の上、決定いたします。,660万円～825万円
京都きもの友禅株式会社 ,《★日本橋の本社オフィスで積極採用！》 《★転勤なし》 【本社】 東京都中央区日本橋大伝馬町14-…,"月給190,000円〜300,000円 ※スキル・経験・能力を考慮の上、当社規定により決定します。 ※残業代は全…",300万円～450万円
株式会社ECスタジオ ,★転勤なし ★飯田橋駅徒歩1分の好立地で活躍！ 東京本社（千代田区飯田橋）での勤務となります。 【…,月給／25万円〜40万円 ※経験・能力・スキル等を考慮し、決定します。 ※試用期間6ヵ月（期間中の待遇に…,350万円～560万円
株式会社トラックス ,★転勤なし ★U・Iターン歓迎 札幌オフィス（BRANCH OFFICE） 北海道札幌市中央区南2…,月給25万円〜50万円 これまでの経験やスキル等を考慮し、当社規定により決定します。 上記給与には30時…,300万円～650万円
株式会社パラミックス琉球 ,【 転勤なし 】 沖縄県那覇市字赤嶺1-3-11 京屋ビル4F ◎ゆいレール「赤嶺駅」より徒歩3分…,"月給15万円〜29万1,000円 + 諸手当 【 別途年1回の業績貢献報酬制度あり 】 ※年齢、経験、能力を考慮の…",初年度年収のデータなし
F&Mパートナーズ税理士法人 ,2021年5月下旬にオープン予定！ 本町支店 大阪市中央区北久宝寺町4丁目2番10号東明ビル6階…,未経験者：月給18万円〜＋各種手当+賞与（年2回） 経験者　：月給20万円〜＋各種手当+賞与（年2回） ※…,初年度年収のデータなし
株式会社善波 ,★転勤なし ★麻布十番駅・赤羽橋駅より徒歩6分 ★業務に慣れれば、リモートワークも可能です 東京都…,【月給】25万円〜35万円＋諸手当＋賞与（年2回） ◎あなたが培ってきた今までの経験・スキルを考慮の上…,250万円～600万円
株式会社キネマシトラス ,【本社スタジオ】 東京都杉並区南荻窪4-36-4　第三田丸ビル202 ⇒『荻窪駅』徒歩7〜8分 ※…,"月給：22万5,000円〜35万円 ※経験やスキルにより決定 ※固定残業代（5万9,700円〜・45時間相当分）含む…",270万円～420万円
株式会社ベネフィット・ワン ,★UIターン歓迎／今なら転居祝い金も支給 ★神戸からの通勤もラクラク！ ★明石・加古川・垂水・西宮…,月給19万6667円〜27万5000円 ＋カフェテリアポイント (※)年10万円相当分＋賞与年2回（業績連動） 前職を…,250万円～350万円
有限会社イーティー ,【転勤なし】 【横浜市営地下鉄ブルーライン 「伊勢佐木長者町駅」より徒歩5分】 神奈川県横浜市中区…,月給23万円以上 ※経験・能力などを考慮し、当社規定により決定します。 ※上記には固定残業代3万円(〜23…,初年度年収のデータなし
杉田会計事務所 ,【駅近＆築浅のきれいなオフィスビル勤務！】 ※転勤なし ※梅田・天王寺・難波からも乗換なし♪ 大阪…,月給25万円以上＋賞与年3回(計4.0ヶ月分支給／昨年度実績) 【モデル年収例】 600〜700万円／30代 700〜8…,450万円～600万円
株式会社耕電設 ,宮城県名取市 ※2021年6月開設予定 ★転勤なし ★マイカー通勤可 ★U・Iターン歓迎,月給／20万円〜40万円 【収入例】 月収／40万円〜(1級電気施工管理技士)　 月収／25万円〜(第一種電気工…,300万円～600万円
株式会社カカクコム・インシュアランス ,【。*：゜本社勤務！新橋駅より徒歩2分の好アクセス♪：。*。】 ◆本社 東京都港区新橋2-6-2…,月給25万円〜＋残業代別途支給（1分単位） ※経験や能力、前職給与等を考慮のうえ、話し合いにより決定し…,300万円～400万円
株式会社CO2O ,【転勤なし／慣れてきたらリモートワークもOK】 ★「田町駅」徒歩4分・「三田駅」徒歩6分 ★UIタ…,【年俸300万円〜600万円】＋賞与年2回＋各種手当 ※年俸の12分の1を毎月支給（月額25万円〜50万円） ※…,300万円～700万円
明京電機株式会社 ,＊---アクセス◎「西日暮里駅」徒歩6分---＊ ☆転勤はありません 【本社】 東京都北区田端新町…,月給:30万円以上＋賞与年2回（業績による） ※経験・能力・スキルを考慮の上、決定します。 ※固定残業…,420万円～550万円
ITS工房株式会社 ,【転勤なし・駅チカです】 JR『千葉駅』より徒歩7分 千葉市中央区栄町36-10　甲南アセット千葉…,月給25万8000円〜38万2000円 《モデル月収》 月収30万円〜38.2万円（管理職候補） 月収28万円〜32万円（…,335万円～530万円
株式会社リポートサービス北海道 ,【本社所在地】札幌市手稲区手稲山口584-6 ★1人に1台の社有車を貸与(現場へ直行直帰OK／通勤…,月給／22.1万円〜45万円 【年収例】 年収700万円／経験15年／40歳／施工管理スタッフ 年収580万円／経験…,320万円～600万円
株式会社Let's ,★マイカー・バイク通勤可！(駐車場完備) 神奈川県横須賀市津久井2-17　新倉ビル2F ≪アクセス…,▼現場経験をお持ちの方 月給：25万円〜50万円 ▼電気工事士の経験・資格をお持ちの方 月給：30万円〜50…,300万円～550万円
合同会社ハウスドクター ,《WEB面談OK／原則自由》 ★顧客先の選定も勤務場所も、あなたの裁量で働けます ★直行直帰／フル…,（1）完全出来高報酬制 営業利益の25〜70％を報酬として支給 ＜月収モデル＞ 売上積算額 500万円　／営業…,100万円～1000万円
株式会社公文教育研究会 ,福岡県北九州市八幡西区の 折尾駅周辺にある公文式直営教室 ※週3回の事務業務は基本的には在宅や教室…,"■時給1,000円＋賞与年2回 《 月収例：月収150,000円 》 （時給1,000円×7.5時間×20日） 《 契約期間…",初年度年収のデータなし
ウルトジャパン株式会社 ,【横浜市営地下鉄ブルーライン「片倉町駅」より徒歩15分】 【転勤なし】 神奈川県横浜市神奈川区三枚…,"月給37万5,000円〜47万円 ※別途手当、賞与(年4ヵ月分)を支給します。 ※経験・能力などを考慮し、当社規…",600万円～750万円
ウルトジャパン株式会社 ,【横浜市営地下鉄ブルーライン「片倉町駅」より徒歩15分】 【転勤なし】 神奈川県横浜市神奈川区三枚…,月給28万円〜31万円 ※別途手当、賞与(年4ヵ月分)を支給します。 ※経験・能力などを考慮し、当社規定に…,450万円～500万円
GTO株式会社 ,◆マイカー通勤OK◆ 埼玉県朝霞市上内間木406-5 ※東武東上線「朝霞駅」又は「朝霞台駅」よりバ…,【月給】25万円以上＋賞与年2回(2ヶ月分) ※経験・スキル・年齢を考慮し、当社規定により決定します。,350万円～450万円
株式会社スタンフット ,【東京本社】 JR・都営浅草線「浅草橋駅」から徒歩5分 都営大江戸線「蔵前駅」から徒歩8分 【住所…,月給20万円以上+賞与 ※未経験者の最低給与額です。実務経験者はスキルなどを考慮の上、決定します。 ※…,初年度年収のデータなし
株式会社カカクコム・インシュアランス ,【。*：゜本社勤務！新橋駅より徒歩2分の好アクセス♪：。*。】 ◆本社 東京都港区新橋2-6-2…,月給20万円〜＋残業代別途支給（1分単位） ※経験や能力、前職給与等を考慮のうえ、話し合いにより決定し…,250万円～350万円
株式会社レコム ,フルリモート勤務！自宅で働けます！ 通勤ラッシュとは無縁！ 通勤ストレスがないため時間を有効に使え…,年俸300万円〜 ※能力や経験を考慮した上で決定いたします ※別途、業績が良ければインセンティブの支給…,300万円～500万円
SOELU株式会社 ,《国内・海外どこからでも勤務可能》 100％フルリモートワークを導入しています。 ★自宅から勤務O…,月給25.2万円 ※経験やスキルに応じて決定します。 ※試用期間1か月あり。待遇は変わりません。 ※固定…,300万円～350万円
株式会社ケイズプロジェクト ,大阪府大阪市中央区南船場2-7-11 心斎橋EPビル8F 【アクセス】 地下鉄「長堀橋駅」から徒歩…,年俸制：350万円〜（1／12分割を月額支給） ★上記を12で割った金額：月収29万円〜 ※経験、能力を考慮…,初年度年収のデータなし
日本テクノロジー株式会社 ,【転勤なし／現在リモートワーク実施中】 本社／東京都港区新橋6丁目9番2号新橋第一ビル本館5階B…,月給23〜25万円以上 ※上記は最低保証額です。 ※経験・年齢・能力を考慮の上、優遇いたします。 ※試用…,276万円～300万円
社会保険労務士法人あんしんサポート ,★転勤なし！U・Iターン歓迎 ★「五橋駅」徒歩1分 【仙台支店】 宮城県仙台市若林区清水小路6-1…,【経験者】月給25万円〜35万円 【未経験者】月給20万円〜 ※あなたの経験・スキルに応じ当法人規定により…,240万円～420万円
株式会社アンテック ,【小田急線「向ケ丘遊園駅」より徒歩8分】 【転勤なし】 神奈川県川崎市多摩区宿河原2-32-1 1F,月給18万〜35万円＋手当＋賞与(年3回) ※年齢給制をとっているので 　毎年必ずベースアップします！ （1…,初年度年収のデータなし
株式会社ショーエイコーポレーション ,JR・都営新宿線・東京メトロ「市ヶ谷駅」から徒歩3分 ※転勤なし 【東京本社】 東京都千代田区九段…,"月給200,000円〜265,000円+賞与2回+各種手当 ※経験・年齢・能力などを考慮して、給与額を決定します ※…",350万円～450万円
日本中央税理士法人 ,◆新橋駅・内幸町駅・虎ノ門駅より好アクセス ◆在宅勤務も実施中 ◆転勤なし ◆東京都港区西新橋1-…,年俸制：400万円〜650万円+決算賞与あり ※あなたの経験やスキル、資格を最大限考慮し決定します。 ※年…,400万円～650万円
株式会社ショーエイコーポレーション ,JR・都営新宿線・東京メトロ「市ヶ谷駅」から徒歩3分 ※転勤なし 【東京本社】 東京都千代田区九段…,"月給215,000円〜265,000円+賞与2回+各種手当 ※経験・年齢・能力などを考慮して、給与額を決定します ※…",350万円～450万円
ラクナ株式会社 ,—★転勤無し —★御徒町駅から徒歩2分など4線5分以内の好立地オフィスです！ 御徒町店／ 東京都台…,月給23万円〜28万円＋各種手当＋賞与 ※経験・年齢を考慮の上、当社規定により優遇します。 ※上記金額に…,280万円～380万円
株式会社エイス ,クライアント先（東京都23区内）又は自宅でのリモートワーク,月給：23万円以上 ※経験・スキル・年齢を考慮の上、決定します。 ※試用期間6ヶ月（待遇に変更はありま…,初年度年収のデータなし
小熊建設株式会社 ,★転勤なし／自転車、バイクでの通勤OK ★現場への直行・直近も可 ◆本社 東京都世田谷区代沢4-1…,月給30万円以上+賞与年2回 ※経験やスキル、前職給与を 　最大限考慮し決定します。 ※試用期間3ヶ月あ…,450万円～700万円
学校法人至善館 ,東京都中央区日本橋二丁目5番1号 日本橋高島屋三井ビルディング　17階 ※日本橋高島屋新館S.C.…,年俸制400万円〜900万円 ※経験・能力を考慮の上決定 ■キャリアアップのイメージ ▼1〜3年目 　スタッ…,400万円～900万円
特定非営利活動法人アイ・エス・エル ,【日本橋駅直結ビル】東京都中央区日本橋二丁目5番1号 日本橋高島屋三井ビルディング　17階 【アク…,年俸制400万円〜1000万円 ※経験・能力を考慮の上決定 ■キャリアアップのイメージ ▼1〜3年目 　スタ…,400万円～1000万円
ピットデザイン株式会社 ,【東京本社（大手町駅直結）　※転勤なし】 ●東京都千代田区大手町2丁目1番1号 大手町野村ビル10…,月給：28万円〜35万円 ＋ 賞与年2回（※業績による） ※経験・年齢・能力を考慮のうえ、決定します。 ※…,336万円～600万円
医療法人祐涼会 ,★藤沢駅より徒歩3分！駅チカです♪ ★転勤なし ★マイカー・バイク通勤可 神奈川県藤沢市南藤沢7-…,月給20万円〜25万円 ※経験・能力に応じ、決定します。 ※試用期間3ヵ月間は契約社員。（期間中、給与に…,300万円～500万円
株式会社ワンノブアカインド ,《転勤なし／「虎ノ門ヒルズ駅」徒歩2分》 【本社】 東京都港区虎ノ門3-4-7 虎ノ門36森ビル1…,月給40万円〜65万円＋賞与年2回＋各種手当 ※経験やスキルに合わせて決定します。 ※試用期間2ヵ月。期…,600万円～850万円
株式会社オールウィン ,【転勤なし】大阪市北区天満橋3-3-5 —◆交通アクセス JR大阪環状線「天満」駅徒歩5分 ※JR…,月給20万円以上 ◎経験・能力に応じ優遇します。 ◎試用期間あり（3か月・待遇変化なし）,初年度年収のデータなし
富士山の銘水株式会社 ,富士物流センター／静岡県富士市川成島57 ※マイカー通勤可（駐車場完備） ※U・Iターン歓迎！,月給20万円 ※残業代別途支給,240万円～420万円
Texcell Japan株式会社 ,【フルリモートのため、全国どこからでも勤務できます】 ◆関東・関西のクライアントが中心です ◆クラ…,月給28万円〜33万円＋賞与 ※経験・能力・年齢などを考慮の上、当社規定により決定いたします ※試用…,350万円～400万円
株式会社エーフォース ,■東京：新宿区西新宿7-18-13 1F ※当社はリモートワークによる勤務体制を導入しています。…,■年俸制300万円〜500万円　※12ヶ月で割った金額を毎月支給 月収イメージ：25万円〜41万6000円 ※上記の…,300万円～500万円
株式会社アタリ ,◇2021年2月に移転したばかりの新オフィス！転勤なし！◇ ＜本社＞ 東京都渋谷区代官山町1-1…,年俸280〜600万円 ※1/12の金額を月々支給いたします。 ※スキル・経験等を考慮し、弊社規定により決定…,280万円～600万円
合同会社Smart Be ,★転勤なし ★JR『大崎駅』徒歩5分の近場 ★一部リモートワーク実施中 〒141-0001 東京都…,◆月給26万円〜35万円 ※経験、スキルを考慮し、当社規定により決定します。,370万円～420万円
株式会社ウェブフロンティア ,◆リモートワークも積極的に導入中！ 【首都圏】 桜木町オフィス（2019年4月開設） みなとみらい…,"【年俸制】 300万円 〜 1,000万円 スキルや経験に応じて優遇いたします。 スキルや経験によっては、 　…",300万円～1000万円
株式会社ウェブフロンティア ,◆リモートワークも積極的に導入中！ 【首都圏】 桜木町オフィス（2019年4月開設） みなとみらい…,"【年俸制】 300万円 〜 1,000万円 ※スキルや経験に応じて優遇いたします。 ※スキルや経験によっては…",300万円～1000万円
株式会社新日 ,【 リモートワーク／遠方からの応募歓迎！本社「山王駅」より徒歩2分 】 ◆出張面接・WEB面接もあ…,月給25万円〜＋各種手当（資格、家族など）＋賞与年3回 ※年齢にこだわらず、経験・能力・有資格等を考…,350万円～550万円
株式会社ウェブフロンティア ,◆リモートワークも積極的に導入中！ 【首都圏】 桜木町オフィス（2019年4月開設） みなとみらい…,"【年俸制】 300万円 〜 1,000万円 スキルや経験に応じて優遇いたします。 スキルや経験によっては、 　…",300万円～1000万円
株式会社ウェブフロンティア ,◆リモートワークも積極的に導入中！ 【首都圏】 桜木町オフィス（2019年4月開設） みなとみらい…,"【年俸制】 300万円 〜 1,000万円 ※スキルや経験に応じて優遇いたします。 ※スキルや経験によっては…",300万円～1000万円
株式会社ウェブフロンティア ,◆リモートワークも積極的に導入中！ 【首都圏】 桜木町オフィス（2019年4月開設） みなとみらい…,"【年俸制】 300万円 〜 1,000万円 スキルや経験に応じて優遇いたします。 スキルや経験によっては、 　上…",300万円～1000万円
株式会社ウェブフロンティア ,◆リモートワークも積極的に導入中！ 【首都圏】 桜木町オフィス（2019年4月開設） みなとみらい…,"【年俸制】 300万円 〜 1,000万円 ※スキルや経験に応じて優遇いたします。 ※スキルや経験によっては…",300万円～1000万円
株式会社リオ ,◇転勤なし ◇フルリモートワーク導入 愛知県名古屋市中村区名駅3-25-9 第一堀内ビル3F ＜交…,月給28万円〜43万円 ※経験・年齢を考慮の上、当社規定により優遇します。 ※試用期間3か月あり。その期…,400万円～600万円
株式会社ビジョン・コンサルティング ,【転勤なし】 東京本社、お客様先、もしくはリモートワーク 【本社への交通アクセス】 「四谷三丁目駅…,月給35.7万円〜142.8万円 経験・能力を考慮の上、優遇します。 入社2〜3年後に年収100万円以上UPも実現…,500万円～2000万円
株式会社アペックス ,＊JR山手線「大塚駅」より徒歩4分 【本社】 東京都豊島区南大塚3丁目37番5号　大塚台パークサイ…,月給25万円〜35万円 ※経験・年齢を考慮し決定します。,初年度年収のデータなし
株式会社ビジョン・コンサルティング ,・転勤なし ・基本的にフルリモートワーク 本社所在地：東京都新宿区四谷4-3-1 ワールド四谷ビル…,月給28.5万円〜57.1万円 経験・能力を考慮の上、優遇します。 【モデル年収例】 年収650万円／26歳,400万円～800万円
株式会社クオカード ,＜本社＞ 東京都中央区日本橋本町2-4-1 日本橋本町東急ビル内 ＜アクセス＞ 各線 東京メトロ「…,"月給300,000円〜 ＜予定年収＞ 480万円〜660万円（残業手当：有） ※予定年収はあくまでも目安の金額で…",450万円～700万円
株式会社アマナ ,◆本社／東京都品川区東品川2−2−43 ・東京モノレール／りんかい線 「天王洲アイル駅」徒歩5分…,月給：25万円〜40万円 ※固定残業代を含む（7万7000円〜12万3000円/45時間） ※固定残業代は残業がない…,初年度年収のデータなし
スナップオン・ツールズ株式会社 ,【フルリモートワークです 】 東海エリア（愛知県・岐阜県・三重県） ※直行直帰型の勤務となります。…,月給27万円以上＋コミッション年4回（インセンティブ） ※経験・スキル・前職給与を考慮し、決定いたしま…,350万円～450万円
株式会社シロ ,東京本社勤務になります。 東京都港区北青山3-6-7 青山パラシオタワー9F 表参道駅B5出口直結…,"月給252,500円〜(以下一律手当を含む) 基本給：235,000円〜 固定残業手当：17,500円〜32,000円（固定残業…",400万円～600万円
株式会社ビジョン・コンサルティング ,【転勤なし】 東京都新宿区四谷4-3-1 ワールド四谷ビル4・5階 ※フルリモートワーク可 【交通…,月給25万円以上 上記は最低保証額となります。,350万円～450万円
南洋貿易株式会社 ,＜本社＞ 東京都千代田区麹町1-8-7 エミナビル4階 ※リモートワーク可能,月給25万円以上 ※経験・能力等を考慮して決定します。 ※試用期間6ヶ月あり（その間の待遇変動なし）,400万円～450万円
株式会社サンクゼール ,配属先部門により異なります。 【製造】 本社（サンクゼールの丘）／長野県上水内郡飯綱町芋川1260…,月給18万円〜 ※当社規定に基づきます。 ※年齢、経験、能力等を考慮の上、優遇します。,初年度年収のデータなし
株式会社グロービス ,仙台・福岡のいずれかのオフィスでの勤務となります。 ※希望を考慮します 【仙台オフィス】 宮城県仙…,"年俸制350万円〜450万円 月額　291,666円〜375,000円 固定残業手当45時間分　 79,546円〜102,273円/月含…",350万円～450万円
株式会社CROSTAGE ,◎東京都港区　※現在は在宅勤務（出社頻度：月1回程度） ◎転勤なし ◎お持ちのスキル、経験、希望、…,■月給25万円以上 ※経験や能力、スキルを考慮の上、当社規定により決定します。 ※試用期間3ヶ月（待遇…,300万円～420万円
株式会社トヨプラ ,東京都品川区上大崎2丁目11番3号パインハイツ目黒305 ※フルリモートワークも可能,月給21万円以上 ※経験・能力により、優遇いたします。 ※試用期間3ヶ月（月給19万円以上）,初年度年収のデータなし
ノバシステム株式会社 ,◆東京本社 東京都港区赤坂1-12-32 アーク森ビル30階 ◆大阪本社 大阪府大阪市西区江戸堀1…,月給28万円〜40万円 ※前職の給与・経験・能力を考慮し決定します ※残業代は別途全額支給します！ ★成…,400万円～650万円
日都産業株式会社 ,【転勤なし】東京都羽村市神明台4-5-1,"月給：217,000円〜255,000円",300万円～500万円
株式会社アペックス ,＊JR山手線「大塚駅」より徒歩4分 【本社】 東京都豊島区南大塚3丁目37番5号　大塚台パークサイ…,月給25万円〜35万円 ※経験・年齢を考慮し決定します。,初年度年収のデータなし
株式会社Mediowl ,【転勤なし／リモートワークも可能♪】 〒108-0073 東京都 港区三田4-8-36 三田MTビ…,【経験3年以上】 ◆月給:30万円〜＋ 諸手当 【経験3年未満】 ◆月給:25万円〜＋ 諸手当 ※前職給与を…,300万円～500万円
株式会社sizebook ,東京都港区海岸3-18-1 ピアシティ芝浦ビル10階 ※転勤なし ※リモートワーク可,"月給 300,000円〜420,000円 ※月給には固定残業手当を含みます 95,000円〜133,000円（固定残業時間60時間…",360万円～500万円
ホクシンハウス株式会社 ,【長野本社】JR長野駅前 長野県長野市南千歳町1-12-7 ◇◆2021年1月本社移転◆◇,月給22~35万円＋賞与年2〜4回＋諸手当 ※固定残業代（5万1000円〜、40時間分）を含む。 40時間超過分は別…,350万円～550万円
石福金属興業株式会社 ,★転勤なし！ ★マイカー通勤OK！(条件あり) 【草加工場】埼玉県草加市青柳2-12-30,月給22万円〜 ※経験・年齢を考慮の上、当社規定により決定します。 試用期間6カ月（期間中も待遇に変更…,400万円～800万円
日本綜合建設株式会社 ,長野本社または松本支店 【長野本社】 長野県長野市若里2-15-57 【松本支店】 長野県松本市島…,月給17万〜35万円 ＋ 諸手当 ※経験、資格、能力等を考慮の上、優遇します。 ※試用期間3ヶ月（給与変動…,350万円～700万円
万田発酵株式会社 ,《転勤なし・UIターン歓迎！》 ◆広島本社／広島県尾道市因島重井町5800-95 受動喫煙対策：屋…,月給23万5千円〜 ＋ 諸手当 ＋ 賞与（年2回） ※経験・能力を考慮の上、決定いたします ※試用期間あり(…,350万円～800万円
株式会社ハゴロモ ,★神田駅より徒歩5分の好立地です。 東京都千代田区内神田1-10-8 ＜アクセス＞ JR線・東京メ…,月給24〜27万円＋賞与年3回 ※経験・年齢を考慮の上、当社規定により優遇します。,350万円～380万円
万田発酵株式会社 ,《転勤なし／U・Iターン歓迎！》 広島本社／広島県尾道市因島重井町5800-95 受動喫煙対策：屋…,月給20万円〜30万円 ＋ 諸手当 ＋ 賞与（年2回） ※経験・能力を考慮の上、決定いたします ※試用期間あ…,350万円～500万円
株式会社sizebook ,東京都港区海岸3-18-1 ピアシティ芝浦ビル10階 ※転勤なし ※リモートワーク可,"月給 400,000円〜600,000円 ※月給には固定残業手当を含みます 126,600円〜189,900円（固定残業時間60時…",480万円～720万円
株式会社シロ ,東京本社勤務になります。 東京都港区北青山3-6-7 青山パラシオタワー9F 表参道駅B5出口直結…,"月給252,500円〜(以下一律手当を含む) 基本給：235,000円〜 固定残業手当：17,500円〜（固定残業時間10時…",400万円～1200万円
株式会社フォーサム ,本社、もしくは東京都内のお客様先 【本社】 東京都千代田区内神田3-13-4 東陽ビル2F JR山…,"【月給】23万5,000円〜40万5,000円 ※残業代別途全額支給 ※上記には一律支給の食事手当5,000円を含む …",350万円～600万円
株式会社シロ ,東京本社勤務になります。 東京都港区北青山3-6-7 青山パラシオタワー9F 表参道駅B5出口直結…,"月給350,000円〜(以下一律手当を含む) 基本給：332,500円〜 固定残業手当：17,500円〜（固定残業時間10時…",600万円～1200万円
株式会社シロ ,東京本社勤務になります。 東京都港区北青山3-6-7 青山パラシオタワー9F 表参道駅B5出口直結…,"月給250,000円〜(以下一律手当を含む) 基本給：232,500円〜 固定残業手当：17,500円〜（固定残業時間10時…",400万円～1200万円
株式会社環境科学設計 ,【 マイカー通勤可 】 岡山支店（岡山市南区）または本社（倉敷市）に配属。 ◆岡山支店 岡山市南区…,"月給 200,000円〜400,000円 ＋ 資格手当30,000円 + 他手当 ※上記はあくまでも最低保証です ※年齢、経…",400万円～600万円
株式会社環境科学設計 ,【 マイカー通勤可 】 岡山支店（岡山市南区）または本社（倉敷市）に配属。 ◆岡山支店 岡山市南区…,"月給200,000円〜400,000円＋諸手当 ※上記はあくまでも最低保証です ※年齢、経験、能力を考慮の上、優…",300万円～600万円
株式会社RETRY ,【転勤なし】 本社／東京都港区三田3-3-8 TAMA WOODY GATE MITA 4階 ※多…,【月給】 28万円〜40万円 ※固定残業代含む（45時間分/7万245円〜10万350円） ※超過分は別途支給。 ※試…,350万円～600万円
RFA digital brains株式会社 ,※現在、週2出社、週3リモートワークを行っています。 経験・スキルに応じてご相談の上、フルリモート…,◆年俸制600〜900万円 ☆★経験者の方は前給を考慮します！★☆ ※12分割した金額を毎月支給いたします…,600万円～900万円
ビートテック株式会社 ,東京都、神奈川県、千葉県、埼玉県、大阪府内のプロジェクト先での勤務となります。 ※プロジェクト先は…,年俸制300万円〜650万円 ※経験・能力により、優遇いたします。 ◎転職するからには、いい待遇を手にし…,300万円～650万円
株式会社ウェブクルー ,154-0024 東京都世田谷区三軒茶屋二丁目11番22号　サンタワーズセンタービル4F 【アクセ…,半期年俸制348万円〜 ※ご経験や前職年収を考慮し、決定します。 ※半期年俸制（半期ごとに人事評価を行…,348万円～500万円
FacePeer株式会社 ,★本社勤務★転勤なし！※自転車通勤用駐輪場あり 東京都港区赤坂8-5-40 ペガサス青山230 ＜…,年俸350万円〜900万円 ※経験・能力等を考慮して決定します。 ※インセンティブ制度もあり （能力によっ…,350万円～900万円
野口倉庫株式会社 ,【転勤なし！】 ◆越谷営業所：埼玉県越谷市流通団地2-1-3 ※マイカー・自転車通勤可 ※U・Iタ…,【月給】21万3000円〜27万5000円 ※年齢、経験、能力を考慮の上、優遇します。 ※試用期間2ヶ月あり(同条…,300万円～600万円
野口倉庫株式会社 ,【転勤なし！】 ◆本社営業所・倉庫／埼玉県戸田市早瀬1-24-1 ※マイカー・自転車通勤可 ※U・…,【月給】21万3000円〜27万5000円 ※年齢、経験、能力を考慮の上、優遇します。 ※試用期間2ヶ月あり(同条…,300万円～600万円
RFA digital brains株式会社 ,【転勤なし！新しいオフィスです♪】 東京メトロ副都心線「北参道駅」より徒歩2分の好アクセス！ 流行…,"◆年俸制400〜600万円 ※固定残業代（月45時間分／81,200円〜121,100円）を含む ※超過した場合は、残業…",400万円～600万円
ビートテック株式会社 ,東京都、神奈川県、千葉県、埼玉県、大阪府内のプロジェクト先での勤務となります。 ※プロジェクト先は…,年俸制300万円〜650万円 ※経験・能力により、優遇いたします。,300万円～650万円
ジェイレックス・コーポレーション株式会社 ,＜本社＞ 東京都新宿区西新宿1-23-7 新宿ファーストウエスト16F ※在宅勤務・リモートワーク…,"月給260,000円〜 ※経験・能力等を考慮して決定します。 ※試用期間6ヶ月あり（その間の待遇変動はあり…",403万円～700万円
RFA digital brains株式会社 ,※現在、週2出社、週3リモートワークを行っています。 【転勤なし！新しいオフィスです♪】 東京メト…,◆年俸制400〜600万円 ☆★経験者の方は前給を考慮します！★☆ ※12分割した金額を毎月支給いたします…,400万円～600万円
ジェイレックス・コーポレーション株式会社 ,本社／東京都新宿区西新宿1-23-7 新宿ファーストウエスト16F ※在宅勤務・リモートワーク相談可,"月給257,000円〜450,000円 ※経験・能力等を考慮して決定します。 ※試用期間6ヶ月あり（その間の待遇変…",400万円～700万円
株式会社ウェブクルー ,154-0024 東京都世田谷区三軒茶屋二丁目11番22号　サンタワーズセンタービル4F 【アクセ…,半期年俸制348万円〜 ※ご経験や前職年収を考慮し、決定します。 ※半期年俸制（半期ごとに人事評価を行…,348万円～450万円
株式会社ウェブクルー ,154-0024 東京都世田谷区三軒茶屋二丁目11番22号　サンタワーズセンタービル4F 【アクセ…,半期年俸制348万円〜 ※ご経験や前職年収を考慮し、決定します。 ※半期年俸制（半期ごとに人事評価を行…,348万円～500万円
株式会社ウェブクルー ,154-0024 東京都世田谷区三軒茶屋二丁目11番22号　サンタワーズセンタービル4F 【アクセ…,半期年俸制348万円〜 ※ご経験や前職年収を考慮し、決定します。 ※半期年俸制（半期ごとに人事評価を行…,348万円～450万円
野口倉庫株式会社 ,【転勤なし！】 ◆本社営業所・倉庫／埼玉県戸田市早瀬1-24-1 ※マイカー・自転車通勤可 ※U・…,【月給】21万3000円〜27万5000円 ※年齢、経験、能力を考慮の上、優遇します。 ※試用期間2ヶ月あり(同条…,300万円～600万円
ビートテック株式会社 ,【東京・神奈川・千葉・埼玉のプロジェクト先】 本社／東京都品川区西五反田7-20-9 KDX西五反…,月給25万円以上 ※経験・能力により、優遇いたします。,450万円～720万円
伊藤忠プラスチックス株式会社 ,本社 東京都千代田区一番町21番地 一番町東急ビル4・5・6F,"月給 31万9,000円〜42万8,000円 予定年収 600万円〜800万円 ※上記年収は月20時間の想定残業代を含みま…",600万円～800万円
株式会社韓国人蔘公社ジャパン ,【転勤なし】 東京都新宿区西新宿2-7-1 小田急第一生命ビル18F ※現在時差出勤・週3のリモー…,月給 25万円〜35万円 試用期間 3ヵ月（試用期間中の労働条件に変動なし） ※固定残業代（月／30時間分…,350万円～500万円
株式会社韓国人蔘公社ジャパン ,【転勤なし】 東京都新宿区西新宿2-7-1 小田急第一生命ビル18F ※リモートワーク相談可能,月給 24万円〜33万円 ★成果・業績に応じてインセンティブ支給 試用期間 3ヶ月 ※試用期間中の労働条件…,300万円～500万円
株式会社フェヴリナ ,《転勤なし》 福岡県福岡市中央区薬院1-1-1 薬院ビジネスガーデン8F 〜 アクセス 〜 西鉄天…,月給23万3000円~31万6000円 ※昇給：成果に応じて随時改定します！ ※年齢、経験、能力を考慮の上、優遇…,初年度年収のデータなし
アークアウトソーシング株式会社 ,【転勤なし／恵比寿駅から徒歩5分のキレイなオフィス】 本社／東京都渋谷区恵比寿1-21-3　恵比寿…,【年俸制】 ■マネージャー：720万円〜840万円＋業績賞与(毎年支給実績あり) ■シニアスタッフ：500万円…,357万円～840万円
プロテック株式会社 ,【転勤なし／地下鉄「西18丁目」駅より徒歩7分】 本社／北海道札幌市中央区北2条西18-1-5 ★…,"月給 173,500円〜 ※出退勤調整手当は別途支給 ※経験やスキルに応じて適正に決定いたします。 <試用期…",242万円～300万円
プロテック株式会社 ,【転勤なし／地下鉄「西18丁目」駅より徒歩7分】 本社／北海道札幌市中央区北2条西18-1-5 ★…,"月給 179,800〜278,613円（一律手当含む） ※出退勤調整手当は別途支給 ※経験やスキルに応じて適正に決…",266万円～413万円
株式会社ミネルヴァ ,★全国どこでも勤務可能★ *リモートワークを導入しているので、どこにいても勤務が可能です。 *満員…,月給33万円〜50万円 ※経験・能力を考慮し、当社規定により優遇致します。,初年度年収のデータなし
株式会社クロスワープ ,【転勤なし・在宅ワークも導入中】 東京都品川区上大崎3-2-9 アクア目黒3F ※「目黒駅」徒歩2分,年俸制350万円〜400万円+在宅勤務手当(月1万円)※年俸380万円以下の場合 ※経験・能力により、優遇いたし…,350万円～400万円
モトヤユナイテッド株式会社 ,【 原則転勤なし／マイカー通勤可 】 茨城県土浦市中村南4-1-20（土浦自動車学校内） ▼アクセ…,"月給制：月給30万5,000 円〜32万8,000円＋賞与年2回 ★管理職採用の場合 年俸制：5,000,400 円〜7,040,4…",460万円～704万円
株式会社ビービージーシー ,【本社】 東京都豊島区南池袋2-19-15三幸ビル2F ⇒「池袋」駅徒歩6分、「東池袋」駅徒歩5分…,"月給33万3,000円〜75万円 ※試用期間3ヶ月あり、延長最大6ヶ月あり（給与・待遇の差異はありません）。 …",400万円～900万円
株式会社アンバランス ,東京都千代田区神田神保町1-3-5 冨山房ビル4F 【アクセス】 都営地下鉄新宿線、三田線「神保町…,月給 29万円〜54万円 予定年収 350万円〜650万円 ※ご経験・スキルを考慮して決定いたします。 試用期…,350万円～650万円
モトヤユナイテッド株式会社 ,【 原則転勤なし／マイカー通勤可 】 茨城県土浦市中村南4-1-20（土浦自動車学校内） ▼アクセ…,"月給制30万5,000 円〜32万8,000円＋賞与年2回 ★管理職採用の場合 年俸制：5,000,400 円〜7,040,400 円…",460万円～704万円
株式会社RETRY ,★転勤なし！★リモート可！ 本社／東京都港区三田3-3-8　TAMA WOODY GATE MIT…,月給28万円〜34万円 ※試用期間3カ月(期間中の待遇等に変動なし) ※経験・能力等を考慮の上、優遇いたし…,400万円～500万円
株式会社ビービージーシー ,【本社】 東京都豊島区南池袋2-19-15三幸ビル2F ⇒「池袋」駅徒歩6分、「東池袋」駅徒歩5分…,月給50万円〜125万円 ※試用期間3ヶ月あり、延長最大6ヶ月あり（給与・待遇の差異はありません）。 ※経…,600万円～1500万円
株式会社NMPスペシャリスト ,東京都新宿区市谷本村町3-22 ナカバビル2階 ※転勤はありません,月給28万円〜35万円 ※経験・スキル・前職給与等を考慮して決定します。 ※試用期間3ヶ月あり（その間の…,336万円～420万円
株式会社NMPスペシャリスト ,東京都新宿区市谷本村町3-22 ナカバビル2階 ※転勤はありません,月給28万円〜40万円 ※経験・スキル・前職給与等を考慮して決定します。 ※試用期間6ヶ月あり（その間の…,350万円～550万円
株式会社NMPスペシャリスト ,東京都新宿区市谷本村町3-22 ナカバビル2階 ※転勤はありません,月給28万円〜40万円 ※経験・スキル・前職給与等を考慮して決定します。 ※試用期間6ヶ月あり（その間の…,350万円～550万円
ポーターズ株式会社 ,【在宅勤務＝通勤のストレスなし】 ★転勤なし ★ガラス張りのキレイな本社オフィスは青山一丁目駅1分…,【年俸制】600万円〜840万円 ★前職給与は最大限考慮します。 ★経験・スキル・年齢等を考慮の上、優遇し…,600万円～840万円
ロゴスウェア株式会社 ,＜流山おおたかの森オフィス＞ 千葉県流山市おおたかの森東1-5-1 おおたかの森ファーストビル4F,"月給30万5,000円〜39万円 ※経験・能力等を考慮して決定します。 ※試用期間3ヶ月あり（その間の待遇変…",450万円～600万円
Soogol Ｍanagement株式会社 ,★複数路線利用可能 ★JR御徒町駅徒歩1分！ ★転勤なし 【本社】 東京都台東区上野3-24-6…,月給25万円以上+賞与年3回 ※試用期間6ヶ月あり(給与・待遇に差異はありません) ※経験や能力を考慮し決…,330万円～500万円
ロゴスウェア株式会社 ,＜流山おおたかの森オフィス＞ 千葉県流山市おおたかの森東1-5-1 おおたかの森ファーストビル4F…,"月給24万5,000円〜32万円 ※経験・能力等を考慮して決定します。 ※試用期間3ヶ月あり（その間の待遇変…",360万円～500万円
株式会社翔泳社 ,【転勤なし／「四谷三丁目駅」徒歩4分】 本社 東京都新宿区舟町5 ※在宅勤務・リモートワーク相談可…,"月給250,000円〜400,000円 ※上記金額には固定残業手当（40,000円〜60,000円／22時間分）を含み、超過分…",450万円～600万円
株式会社ライブルベース ,本社（東京都豊島区）または23区内クライアント先 ※ネットワーク環境によってリモートワーク可 本社…,"月給275,000円〜 ※経験・能力を考慮の上、決定致します。 ※試用期間3ヶ月あり、その間の待遇に変更は…",360万円～440万円
株式会社翔泳社 ,【転勤なし／「四谷三丁目駅」徒歩4分】 本社 東京都新宿区舟町5 ※在宅勤務・リモートワーク相談可…,"月給250,000円〜400,000円 ※上記金額には固定残業手当（40,000円〜60,000円／22時間分）を含み、超過分…",450万円～600万円
株式会社インフォディオ ,東京本社での勤務となります！ 【東京本社】東京都文京区本郷2-27-20　本郷センタービル5F,◆スタッフ／年俸制350万円〜500万円（月額26万円〜） ◆マネージャー候補／年俸制500万円〜750万円（月…,350万円～750万円
フルタニ産業株式会社 ,※希望がない限り、転勤はありません！ 《 滋賀県彦根市内のクライアント先でのお仕事です 》 ★U・…,◆月給 20万円〜38万円 ※時間外手当は別途支給いたします。 ※経験・能力・年齢を考慮の上、当社規定に…,310万円～550万円
株式会社ハリーズ ,【転勤なし／UIターン歓迎】東京都渋谷区広尾1-1-20,月給30万円〜60万円+賞与年1回 ※年齢・経験・能力を考慮の上、当社規定により決定いたします。 ※試用…,400万円～800万円
株式会社愛鶏園 ,【新横浜本社】 【マイカー通勤OK】 神奈川県横浜市神奈川区菅田町2953-1 ※リモートワークの…,月給27万円〜35万円 +各種手当 ※経験・年齢を考慮の上、当社規定により優遇します。 ※試用期間3ヶ月間…,370万円～500万円
株式会社ソースポッド ,★転勤なし ★4路線利用可能！市ヶ谷駅より徒歩8分 〈本社〉 東京都新宿区四谷本塩町14-1 第2…,〈月給〉25万円以上 ※前職給与・経験・スキルなどを考慮の上、決定いたします。 ※試用期間6ヶ月あり。…,300万円～350万円
東京エレクトロンデバイス株式会社 ,【在宅勤務・リモートワークも相談可】 神奈川県横浜市神奈川区金港町1番地4 横浜イーストスクエア…,"月給20万6,000円〜42万9,000円 ※経験・年齢・能力などを考慮し、当社規定にて優遇いたします。 ※試用…",400万円～850万円
株式会社ジェーピークリエイト ,★転勤なし《芝公園駅・大門駅から徒歩圏内》 東京都港区芝2-27-8 VORT芝公園2階,月給：27万円〜+賞与2回 ※経験・スキル・前職給与を考慮の上、決定します。 ※試用期間6ヶ月あり（待遇…,400万円～600万円
株式会社SUPER STUDIO ,本社／東京都目黒区下目黒2-23-18　目黒山手通ビル8F,"月給296,740円〜406,160円 ※経験・スキル等を考慮して決定します。 ※試用期間6ヶ月あり（期間中は契約…",400万円～740万円
西武建設株式会社 ,埼玉県所沢市の〈本社〉に配属します。 ※現場は東京、埼玉、神奈川などのエリアです。 本社 埼玉県所…,【月給】27万円〜45万円 ※経験や資格を考慮し決定します ※3か月の試用期間中も同条件です ※月給には…,350万円～600万円
株式会社SUPER STUDIO ,本社／東京都目黒区下目黒2-23-18　目黒山手通ビル8F,"月給296,740円〜406,160円 ※経験・スキル等を考慮して決定します。 ※試用期間6ヶ月あり（期間中は契約…",450万円～800万円
株式会社タクマ ,《WEB面接も可》【転勤なし／在宅勤務・リモートワークの相談OK】 本社／兵庫県尼崎市金楽寺町2丁…,月給22万310円〜（一律手当含む）＋諸手当 ※年齢・経験・スキルを十分考慮の上、当社規定により優遇いた…,490万円～770万円
株式会社SUPER STUDIO ,本社／東京都目黒区下目黒2-23-18　目黒山手通ビル8F,"月給296,740円〜406,160円 ※経験・スキル等を考慮して決定します。 ※試用期間6ヶ月あり（期間中は契約…",400万円～740万円
株式会社SUPER STUDIO ,本社／東京都目黒区下目黒2-23-18　目黒山手通ビル8F,"月給296,740円〜406,160円 ※経験・スキル等を考慮して決定します。 ※試用期間6ヶ月あり（期間中は契約…",400万円～740万円
エリアワン株式会社 ,【マイカー通勤OK】 愛知県刈谷市大手町5-1 ⇒JR・名鉄「刈谷駅」より徒歩7分,月給25万円〜35万円 ※経験・年齢を考慮の上、当社規定により優遇します。 ※試用期間3ヶ月あり。待遇の…,初年度年収のデータなし
ナイル株式会社 ,【転勤なし】 東京都品川区東五反田1-24-2 東五反田1丁目ビル7階 ※「五反田駅」徒歩5分,年俸制400万円〜600万円 ※経験・能力により、優遇いたします。,400万円～600万円
北浜国際特許事務所 ,大阪府大阪市中央区高麗橋3−3−11　淀屋橋フレックスタワー5階,"年俸 360万円〜1,000万円（30万円/月〜83万円/月） ※経験やスキルを考慮して決定いたします ※試用期間…",初年度年収のデータなし
株式会社鴎来堂 ,■本社／東京都新宿区矢来町126 NITTOビル ※転勤なし ※状況に応じて、自宅からリモートワー…,"月給250,000円〜350,000円 ※年齢・経験・スキル等を考慮の上、優遇いたします。 ※最長3ヶ月の試用期間…",300万円～420万円
ブルーリッジ株式会社 ,【☆転勤なし＊UIターン歓迎＊六本木駅から徒歩5分の好アクセス☆】 〒106-0031 東京都港区…,◆月給22万円~24万円 ＋ 交通費（上限3万円/月）＋諸手当＋ 賞与(※業績による) ＊経験者の方-は前給最大…,280万円～380万円
プロンプト・Ｋ株式会社 ,◇転勤なし！ ◇UIターン歓迎！ 【 鹿児島オフィス 】 鹿児島県鹿児島市荒田1丁目4-14 丸田…,月給21万円〜36万円 + 諸手当 ※年齢、経験、能力を考慮の上、優遇します。 《月収例》 ・技術職／35歳…,315万円～540万円
株式会社 一迅社 ,・本社勤務：新宿区 ・アクセス：各線「新宿三丁目駅」より徒歩30秒 各線「新宿駅」より徒歩5分 J…,◆月給26万円以上 ※経験・能力を考慮のうえ、優遇します。 ※試用期間6ヵ月（期間中、待遇面に変更はあ…,初年度年収のデータなし
株式会社シグナス ,■本社／京都市西京区桂野里町49-11 【アクセス】 阪急「桂」駅より徒歩5分 オフィスは、京都は…,"[四大卒]月給203,000円〜 [短大卒]月給186,000円〜 ※年齢、経験、能力を考慮の上、当社規定により優遇し…",初年度年収のデータなし
株式会社 一迅社 ,・本社勤務：新宿区 ・アクセス：各線「新宿三丁目駅」より徒歩30秒 各線「新宿駅」より徒歩5分 J…,月給：40万円以上 ※報奨金制度あり ※試用期間6ヵ月（期間中、待遇面に変更はありません）,初年度年収のデータなし
Reeracoen Philippines Inc,Makati マカティ、フィリピン,"月給８0,000ペソ〜 レート：1 フィリピン・ペソ =2.24円 ※2021年３月11日現在",初年度年収のデータなし
関西総合システム株式会社 ,各線なんば駅から直結◆雨に濡れずに通勤◆転勤なし◆大阪市浪速区湊町1丁目2番3号　マルイト難波ビル…,月給28万円〜＋諸手当＋賞与 ※前職給与・年齢・経験・スキルを考慮の上で決定 ※固定残業代として30時間…,400万円～600万円
未来貯金株式会社 ,★転勤なし ★リモートワーク可 東京都港区芝5-29-20 クロスオフィス三田 都営浅草線・三田線…,月給40万円〜＋残業代別途支給 ※経験・年齢・前職給与に応じて相談しながら決定いたします。 ※試用期間…,初年度年収のデータなし
株式会社ブラン・クリエイト ,★転勤なし ★麻布十番駅徒歩4分・赤羽橋駅徒歩3分 本社／東京都港区東麻布2-32-8 西桜ビル4…,月給40万円〜＋各種手当＋賞与年2回 ※給与は、能力やスキル、前職給与などを最大限考慮して決定します。…,500万円～1000万円
NTT西日本ビジネスフロント株式会社 ,【西日本管内の各営業所（関西／東海／北陸／中国／四国／九州）での勤務となります】 ※希望を考慮のう…,"【大阪】 月給21万7,000円+インセンティブ 【京都、奈良、滋賀、兵庫、愛知】 月給20万1,750円+インセン…",初年度年収のデータなし
株式会社エルシーアール ,《転勤なし&U・Iターン歓迎&マイカー通勤OK》 栃木県宇都宮市鶴田町351-7　ラポール館2F,"【月給】244,000円〜450,000円 ※経験・能力等を考慮し、当社規定により決定します。 ※固定残業代として…",350万円～600万円
未来貯金株式会社 ,★転勤なし ★リモートワーク可 東京都港区芝5-29-20 クロスオフィス三田 都営浅草線・三田線…,月給40万円〜＋残業代別途支給 ※経験・年齢・前職給与に応じて相談しながら決定いたします。 ※試用期間…,初年度年収のデータなし
株式会社CROSTAGE ,◎東京都港区　※現在は在宅勤務（出社頻度：月1回程度） ◎転勤なし ◎お持ちのスキル、経験、希望、…,■月給30万円〜41.7万円 ※経験や能力、スキルを考慮の上、当社規定により決定します。 ※試用期間3ヶ月…,360万円～500万円
NTT西日本ビジネスフロント株式会社 ,【西日本管内の各営業所（関西／東海／北陸／中国／四国／九州）での勤務となります】 ※希望を考慮のう…,"【大阪】 月給21万7,000円+インセンティブ 【京都、奈良、滋賀、兵庫、愛知】 月給20万1,750円+インセン…",初年度年収のデータなし
株式会社三英社製作所 ,【本社】東京都品川区荏原5-2-1 受動喫煙対策：屋内全面禁煙 ※在宅勤務・リモートワークも相談可,"月給 20万6,000円〜25万円（一律手当含む） ※経験・能力を考慮し決定いたします。 試用期間 あり（3ヶ…",320万円～400万円
株式会社グロービス ,■東京オフィス 東京都千代田区二番町5-1 住友不動産麹町ビル <アクセス> 地下鉄有楽町線「麹町…,年俸制350万円〜500万円 ※経験・能力を考慮し、規定に従い相談の上決定します。 ※半年以上在籍した方は…,350万円～500万円
株式会社グロービス ,■東京オフィス 東京都千代田区二番町5-1 住友不動産麹町ビル <アクセス> 地下鉄有楽町線「麹町…,年俸制400万円〜800万円 ※経験・能力を考慮し、規定に従い相談の上決定します。 ※半年以上在籍した方は…,400万円～800万円
株式会社グロービス ,■東京オフィス 東京都千代田区二番町5-1 住友不動産麹町ビル <アクセス> 地下鉄有楽町線「麹町…,年俸制500万円〜800万円 ※経験・能力を考慮し、規定に従い相談の上決定します。 ※半年以上在籍した方は…,500万円～800万円
株式会社イー住まい ,【U・Iターン歓迎／希望を考慮】 本店（京都市）または南店（宇治市）のいずれか。 〜詳細〜 本店／…,"月給20万5,000円〜24万5,000円 ＋ 諸手当 ※年齢・経験・スキルを十分考慮の上、当社規定により優遇いた…",350万円～600万円
クリエーションライン株式会社 ,【テレワーク推奨】 東京本社／東京都千代田区神田佐久間町3-6 M’s WORKS BLDG 2F…,月給37万円〜 ※経験・能力等を考慮の上、当社規定により優遇します。 ※試用期間6ヶ月あり（その間の待…,450万円～650万円
弥生株式会社 ,【札幌市／大阪市のご希望どちらか】 【札幌市】 札幌市中央区北3条西4-1-1日本生命札幌ビル21…,"【札幌市】 年俸：3,100,000円〜4,200,000円 【大阪市】 年俸：3,400,000円〜4,500,000円 ------------…",310万円～450万円
ベリトランス株式会社 ,【転勤なし／直行直帰OK／リモートワーク勤務あり】 ■本社 東京都渋谷区恵比寿南3-5-7 デジタ…,"月給：275,000円〜350,000円 ※あなたの経験・スキル・年齢などを考慮し、当社規定により優遇します。 …",350万円～450万円
弥生株式会社 ,【札幌市／大阪市のご希望どちらか】 【札幌市】 札幌市中央区北3条西4-1-1日本生命札幌ビル21…,"【札幌市】 年俸：3,100,000円〜4,200,000円 【大阪市】 年俸：3,400,000円〜4,500,000円 ------------…",310万円～450万円
弥生株式会社 ,【札幌市／大阪市のご希望どちらか】 【札幌市】 札幌市中央区北3条西4-1-1日本生命札幌ビル21…,"【札幌市】 年俸：4,000,000円〜8,000,000円 【大阪市】 年俸：4,350,000円〜8,750,000円 ------------…",400万円～875万円
弥生株式会社 ,【札幌市／大阪市のご希望どちらか】 【札幌市】 札幌市中央区北3条西4-1-1日本生命札幌ビル21…,"年俸：5,500,000円〜9,000,000円 ------------------------------------- ※経験・年齢を考慮して決定し…",550万円～900万円
クリエーションライン株式会社 ,【テレワーク推奨】 東京本社／東京都千代田区神田佐久間町3-6 M’s WORKS BLDG 2F…,月給30万円〜 ※経験・能力等を考慮の上、当社規定により優遇します。 ※試用期間6ヶ月あり（その間の待…,350万円～650万円
ベリトランス株式会社 ,【転勤なし／直行直帰OK／リモートワーク勤務あり】 ■本社 東京都渋谷区恵比寿南3-5-7 デジタ…,年俸制：350〜450万円 ※あなたの経験・スキル・年齢などを考慮し、当社規定により優遇します。 ※試用…,350万円～450万円
ウエストユニティス株式会社 ,大阪府大阪市北区大深町4-20 グランフロント大阪 タワーA29F ＜アクセス＞ 各線「大阪」駅か…,月給40万円〜60万円 ※経験やスキルを考慮して決定いたします ※試用期間3ヵ月（同条件） ＜想定年収＞ …,500万円～700万円
ワイジェイFX株式会社 ,本社／東京都千代田区紀尾井町1-3　東京ガーデンテラス紀尾井町　紀尾井タワー23階 《アクセス》…,年俸400万円〜1200万円 ※経験・能力・前職給与を考慮の上、当社規程により優遇 ※試用期間3ヵ月（給与・…,400万円～1200万円
株式会社ヴィンクス ,大阪・東京・千葉で大募集！ ▼本社 ※小売業界の基幹システム、POSシステム、人事系システム 大阪…,月給24万円〜51万5000円＋賞与年2回（昨年実績4.2ヶ月分） ※経験・スキルにより金額を決定。 試用期間：…,390万円～800万円
東京エレクトロンデバイス株式会社 ,新宿オフィス／東京都新宿区西新宿3-7-1　新宿パークタワー S34階 【アクセス】 京王新線「初…,"月給20万6,000 円〜42万9,000円 ※経験・年齢・能力などを考慮し、当社規定にて優遇いたします。 ※試用…",400万円～850万円
